SID,SEASON,NUMBER,BASIN,SUBBASIN,NAME,ISO_TIME,NATURE,LAT,LON,WMO_WIND,WMO_PRES,WMO_AGENCY,TRACK_TYPE,DIST2LAND,LANDFALL,IFLAG,USA_AGENCY,USA_ATCF_ID,USA_LAT,USA_LON,USA_RECORD,USA_STATUS,USA_WIND,USA_PRES,USA_SSHS,USA_R34_NE,USA_R34_SE,USA_R34_SW,USA_R34_NW,USA_R50_NE,USA_R50_SE,USA_R50_SW,USA_R50_NW,USA_R64_NE,USA_R64_SE,USA_R64_SW,USA_R64_NW,USA_POCI,USA_ROCI,USA_RMW,USA_EYE,TOKYO_LAT,TOKYO_LON,TOKYO_GRADE,TOKYO_WIND,TOKYO_PRES,TOKYO_R50_DIR,TOKYO_R50_LONG,TOKYO_R50_SHORT,TOKYO_R30_DIR,TOKYO_R30_LONG,TOKYO_R30_SHORT,TOKYO_LAND,CMA_LAT,CMA_LON,CMA_CAT,CMA_WIND,CMA_PRES,HKO_LAT,HKO_LON,HKO_CAT,HKO_WIND,HKO_PRES,KMA_LAT,KMA_LON,KMA_CAT,KMA_WIND,KMA_PRES,KMA_R50_DIR,KMA_R50_LONG,KMA_R50_SHORT,KMA_R30_DIR,KMA_R30_LONG,KMA_R30_SHORT,NEWDELHI_LAT,NEWDELHI_LON,NEWDELHI_GRADE,NEWDELHI_WIND,NEWDELHI_PRES,NEWDELHI_CI,NEWDELHI_DP,NEWDELHI_POCI,REUNION_LAT,REUNION_LON,REUNION_TYPE,REUNION_WIND,REUNION_PRES,REUNION_TNUM,REUNION_CI,REUNION_RMW,REUNION_R34_NE,REUNION_R34_SE,REUNION_R34_SW,REUNION_R34_NW,REUNION_R50_NE,REUNION_R50_SE,REUNION_R50_SW,REUNION_R50_NW,REUNION_R64_NE,REUNION_R64_SE,REUNION_R64_SW,REUNION_R64_NW,BOM_LAT,BOM_LON,BOM_TYPE,BOM_WIND,BOM_PRES,BOM_TNUM,BOM_CI,BOM_RMW,BOM_R34_NE,BOM_R34_SE,BOM_R34_SW,BOM_R34_NW,BOM_R50_NE,BOM_R50_SE,BOM_R50_SW,BOM_R50_NW,BOM_R64_NE,BOM_R64_SE,BOM_R64_SW,BOM_R64_NW,BOM_ROCI,BOM_POCI,BOM_EYE,BOM_POS_METHOD,BOM_PRES_METHOD,NADI_LAT,NADI_LON,NADI_CAT,NADI_WIND,NADI_PRES,WELLINGTON_LAT,WELLINGTON_LON,WELLINGTON_WIND,WELLINGTON_PRES,DS824_LAT,DS824_LON,DS824_STAGE,DS824_WIND,DS824_PRES,TD9636_LAT,TD9636_LON,TD9636_STAGE,TD9636_WIND,TD9636_PRES,TD9635_LAT,TD9635_LON,TD9635_WIND,TD9635_PRES,TD9635_ROCI,NEUMANN_LAT,NEUMANN_LON,NEUMANN_CLASS,NEUMANN_WIND,NEUMANN_PRES,MLC_LAT,MLC_LON,MLC_CLASS,MLC_WIND,MLC_PRES,USA_GUST,BOM_GUST,BOM_GUST_PER,REUNION_GUST,REUNION_GUST_PER,USA_SEAHGT,USA_SEARAD_NE,USA_SEARAD_SE,USA_SEARAD_SW,USA_SEARAD_NW,STORM_SPEED,STORM_DIR
 ,Year, , , , , , ,degrees_north,degrees_east,kts,mb, , ,km,km, , , ,degrees_north,degrees_east, , ,kts,mb,1,nmile,nmile,nmile,nmile,nmile,nmile,nmile,nmile,nmile,nmile,nmile,nmile,mb,nmile,nmile,nmile,degrees_north,degrees_east,1,kts,mb, ,nmile,nmile, ,nmile,nmile,1,degrees_north,degrees_east,1,kts,mb,degrees_north,degrees_east, ,kts,mb,degrees_north,degrees_east, ,kts,mb, ,nmile,nmile, ,nmile,nmile,degrees_north,degrees_east, ,kts,mb,1,mb,mb,degrees_north,degrees_east, ,kts,mb,1,1,nmile,nmile,nmile,nmile,nmile,nmile,nmile,nmile,nmile,nmile,nmile,nmile,nmile,degrees_north,degrees_east, ,kts,mb,1,1,nmile,nmile,nmile,nmile,nmile,nmile,nmile,nmile,nmile,nmile,nmile,nmile,nmile,nmile,mb,nmile, , ,degrees_north,degrees_east,1,kts,mb,degrees_north,degrees_east,kts,mb,degrees_north,degrees_east, ,kts,mb,degrees_north,degrees_east, ,kts,mb,degrees_north,degrees_east,kts,mb,nmile,degrees_north,degrees_east, ,kts,mb,degrees_north,degrees_east, ,kts,mb,kts,kts,second,kts,second,ft,nmile,nmile,nmile,nmile,kts,degrees
2026222N15223,2026,45,EP,MM,LALA,2026-08-10 00:00:00,DS,14.5,-137.3, , , ,PROVISIONAL,1942,1942,O______________,nhc_working_bt,CP012026,14.5,-137.3, ,DB,20,1007,-3, , , , , , , , , , , , ,1009,180,120, , , , , , , , , , , , , , , , , , , , , , , , , , , , , , , , , , , , , , , , , , , , , , , , , , , , , , , , , , , , , , , , , , , , , , , , , , , , , , , , , , , , , , , , , , , , , , , , , , , , , , , , , , , , , , , , , , , , , , , , , , , , , , , , , , , ,0,0
2026222N15223,2026,45,EP,MM,LALA,2026-08-10 03:00:00,DS,14.5,-137.3, , , ,PROVISIONAL,1942,1942,P______________, ,CP012026,14.5,-137.3, ,DB,20,1007,-3, , , , , , , , , , , , ,1009,180,120, , , , , , , , , , , , , , , , , , , , , , , , , , , , , , , , , , , , , , , , , , , , , , , , , , , , , , , , , , , , , , , , , , , , , , , , , , , , , , , , , , , , , , , , , , , , , , , , , , , , , , , , , , , , , , , , , , , , , , , , , , , , , , , , , , , ,0,0
2026222N15223,2026,45,EP,MM,LALA,2026-08-10 06:00:00,DS,14.5,-137.3, , , ,PROVISIONAL,1942,1942,O______________,nhc_working_bt,CP012026,14.5,-137.3, ,DB,20,1007,-3, , , , , , , , , , , , ,1009,180,120, , , , , , , , , , , , , , , , , , , , , , , , , , , , , , , , , , , , , , , , , , , , , , , , , , , , , , , , , , , , , , , , , , , , , , , , , , , , , , , , , , , , , , , , , , , , , , , , , , , , , , , , , , , , , , , , , , , , , , , , , , , , , , , , , , , ,1,20
2026222N15223,2026,45,EP,MM,LALA,2026-08-10 09:00:00,DS,14.5,-137.3, , , ,PROVISIONAL,1942,1938,P______________, ,CP012026,14.5,-137.3, ,DB,20,1007,-3, , , , , , , , , , , , ,1009,180,120, , , , , , , , , , , , , , , , , , , , , , , , , , , , , , , , , , , , , , , , , , , , , , , , , , , , , , , , , , , , , , , , , , , , , , , , , , , , , , , , , , , , , , , , , , , , , , , , , , , , , , , , , , , , , , , , , , , , , , , , , , , , , , , , , , , ,1,0
2026222N15223,2026,45,EP,MM,LALA,2026-08-10 12:00:00,DS,14.6,-137.3, , , ,PROVISIONAL,1938,1938,O______________,nhc_working_bt,CP012026,14.6,-137.3, ,DB,20,1006,-3, , , , , , , , , , , , ,1008,180,120, , , , , , , , , , , , , , , , , , , , , , , , , , , , , , , , , , , , , , , , , , , , , , , , , , , , , , , , , , , , , , , , , , , , , , , , , , , , , , , , , , , , , , , , , , , , , , , , , , , , , , , , , , , , , , , , , , , , , , , , , , , , , , , , , , , ,1,0
2026222N15223,2026,45,EP,MM,LALA,2026-08-10 15:00:00,DS,14.7,-137.3, , , ,PROVISIONAL,1935,1935,P______________, ,CP012026,14.7,-137.3, ,DB,20,1006,-3, , , , , , , , , , , , ,1009,180,120, , , , , , , , , , , , , , , , , , , , , , , , , , , , , , , , , , , , , , , , , , , , , , , , , , , , , , , , , , , , , , , , , , , , , , , , , , , , , , , , , , , , , , , , , , , , , , , , , , , , , , , , , , , , , , , , , , , , , , , , , , , , , , , , , , , ,1,0
2026222N15223,2026,45,EP,MM,LALA,2026-08-10 18:00:00,DS,14.7,-137.3, , , ,PROVISIONAL,1935,1931,O______________,nhc_working_bt,CP012026,14.7,-137.3, ,DB,20,1006,-3, , , , , , , , , , , , ,1009,180,120, , , , , , , , , , , , , , , , , , , , , , , , , , , , , , , , , , , , , , , , , , , , , , , , , , , , , , , , , , , , , , , , , , , , , , , , , , , , , , , , , , , , , , , , , , , , , , , , , , , , , , , , , , , , , , , , , , , , , , , , , , , , , , , , , , , ,1,0
2026222N15223,2026,45,EP,MM,LALA,2026-08-10 21:00:00,DS,14.8,-137.3, , , ,PROVISIONAL,1931,1931,P______________, ,CP012026,14.8,-137.3, ,DB,20,1006,-3, , , , , , , , , , , , ,1009,180,120, , , , , , , , , , , , , , , , , , , , , , , , , , , , , , , , , , , , , , , , , , , , , , , , , , , , , , , , , , , , , , , , , , , , , , , , , , , , , , , , , , , , , , , , , , , , , , , , , , , , , , , , , , , , , , , , , , , , , , , , , , , , , , , , , , , ,1,0
2026222N15223,2026,45,EP,MM,LALA,2026-08-11 00:00:00,DS,14.8,-137.3, , , ,PROVISIONAL,1931,1931,O______________,nhc_working_bt,CP012026,14.8,-137.3, ,DB,20,1006,-3, , , , , , , , , , , , ,1009,180,120, , , , , , , , , , , , , , , , , , , , , , , , , , , , , , , , , , , , , , , , , , , , , , , , , , , , , , , , , , , , , , , , , , , , , , , , , , , , , , , , , , , , , , , , , , , , , , , , , , , , , , , , , , , , , , , , , , , , , , , , , , , , , , , , , , , ,0,0
2026222N15223,2026,45,EP,MM,LALA,2026-08-11 03:00:00,DS,14.8,-137.3, , , ,PROVISIONAL,1931,1931,P______________, ,CP012026,14.8,-137.3, ,DB,23,1006,-3, , , , , , , , , , , , ,1009,180,120, , , , , , , , , , , , , , , , , , , , , , , , , , , , , , , , , , , , , , , , , , , , , , , , , , , , , , , , , , , , , , , , , , , , , , , , , , , , , , , , , , , , , , , , , , , , , , , , , , , , , , , , , , , , , , , , , , , , , , , , , , , , , , , , , , , ,0,0
2026222N15223,2026,45,EP,MM,LALA,2026-08-11 06:00:00,DS,14.8,-137.3, , , ,PROVISIONAL,1931,1931,O______________,nhc_working_bt,CP012026,14.8,-137.3, ,DB,25,1006,-3, , , , , , , , , , , , ,1009,180,120, , , , , , , , , , , , , , , , , , , , , , , , , , , , , , , , , , , , , , , , , , , , , , , , , , , , , , , , , , , , , , , , , , , , , , , , , , , , , , , , , , , , , , , , , , , , , , , , , , , , , , , , , , , , , , , , , , , , , , , , , , , , , , , , , , , ,1,320
2026222N15223,2026,45,EP,MM,LALA,2026-08-11 09:00:00,DS,14.8,-137.3, , , ,PROVISIONAL,1931,1917,P______________, ,CP012026,14.8,-137.3, ,DB,25,1006,-3, , , , , , , , , , , , ,1009,180,120, , , , , , , , , , , , , , , , , , , , , , , , , , , , , , , , , , , , , , , , , , , , , , , , , , , , , , , , , , , , , , , , , , , , , , , , , , , , , , , , , , , , , , , , , , , , , , , , , , , , , , , , , , , , , , , , , , , , , , , , , , , , , , , , , , , ,1,315
2026222N15223,2026,45,EP,MM,LALA,2026-08-11 12:00:00,DS,14.9,-137.4, , , ,PROVISIONAL,1917,1917,O______________,nhc_working_bt,CP012026,14.9,-137.4, ,DB,25,1006,-3, , , , , , , , , , , , ,1008,180,120, , , , , , , , , , , , , , , , , , , , , , , , , , , , , , , , , , , , , , , , , , , , , , , , , , , , , , , , , , , , , , , , , , , , , , , , , , , , , , , , , , , , , , , , , , , , , , , , , , , , , , , , , , , , , , , , , , , , , , , , , ,35, , , , , , , , , ,1,345
2026222N15223,2026,45,EP,MM,LALA,2026-08-11 15:00:00,DS,14.9,-137.4, , , ,PROVISIONAL,1917,1893,P______________, ,CP012026,14.9,-137.4, ,DB,28,1005,-3, , , , , , , , , , , , ,1008,180,90, , , , , , , , , , , , , , , , , , , , , , , , , , , , , , , , , , , , , , , , , , , , , , , , , , , , , , , , , , , , , , , , , , , , , , , , , , , , , , , , , , , , , , , , , , , , , , , , , , , , , , , , , , , , , , , , , , , , , , , , , , , , , , , , , , , ,2,295
2026222N15223,2026,45,EP,MM,LALA,2026-08-11 18:00:00,DS,15.0,-137.6, , , ,PROVISIONAL,1893,1808,O______________,nhc_working_bt,CP012026,15.0,-137.6, ,DB,30,1004,-3, , , , , , , , , , , , ,1008,180,60, , , , , , , , , , , , , , , , , , , , , , , , , , , , , , , , , , , , , , , , , , , , , , , , , , , , , , , , , , , , , , , , , , , , , , , , , , , , , , , , , , , , , , , , , , , , , , , , , , , , , , , , , , , , , , , , , , , , , , , , , , , , , , , , , , , ,10,275
2026222N15223,2026,45,EP,MM,LALA,2026-08-11 21:00:00,DS,15.1,-138.4, , , ,PROVISIONAL,1808,1706,P______________, ,CP012026,15.1,-138.4, ,DB,30,1004,-3, , , , , , , , , , , , ,1008,180,60, , , , , , , , , , , , , , , , , , , , , , , , , , , , , , , , , , , , , , , , , , , , , , , , , , , , , , , , , , , , , , , , , , , , , , , , , , , , , , , , , , , , , , , , , , , , , , , , , , , , , , , , , , , , , , , , , , , , , , , , , , , , , , , , , , , ,17,275
2026222N15223,2026,45,EP,MM,LALA,2026-08-12 00:00:00,DS,15.1,-139.4, , , ,PROVISIONAL,1706,1656,O______________,nhc_working_bt,CP012026,15.1,-139.4, ,LO,30,1003,-3, , , , , , , , , , , , ,1007,180,60, , , , , , , , , , , , , , , , , , , , , , , , , , , , , , , , , , , , , , , , , , , , , , , , , , , , , , , , , , , , , , , , , , , , , , , , , , , , , , , , , , , , , , , , , , , , , , , , , , , , , , , , , , , , , , , , , , , , , , , , , ,40, , , , , , , , , ,15,270
2026222N15223,2026,45,EP,MM,LALA,2026-08-12 03:00:00,DS,15.1,-140.0, , , ,PROVISIONAL,1646,1609,P______________, ,CP012026,15.1,-140.0, ,LO,30,1003,-3, , , , , , , , , , , , ,1007,180,60, , , , , , , , , , , , , , , , , , , , , , , , , , , , , , , , , , , , , , , , , , , , , , , , , , , , , , , , , , , , , , , , , , , , , , , , , , , , , , , , , , , , , , , , , , , , , , , , , , , , , , , , , , , , , , , , , , , , , , , , , , , , , , , , , , , ,10,265
2026222N15223,2026,45,EP,CP,LALA,2026-08-12 06:00:00,DS,15.0,-140.4, , , ,PROVISIONAL,1609,1559,O______________,nhc_working_bt,CP012026,15.0,-140.4, ,LO,30,1003,-3, , , , , , , , , , , , ,1007,180,60, , , , , , , , , , , , , , , , , , , , , , , , , , , , , , , , , , , , , , , , , , , , , , , , , , , , , , , , , , , , , , , , , , , , , , , , , , , , , , , , , , , , , , , , , , , , , , , , , , , , , , , , , , , , , , , , , , , , , , , , , ,40, , , , , , , , , ,9,265
2026222N15223,2026,45,EP,CP,LALA,2026-08-12 09:00:00,DS,15.0,-140.9, , , ,PROVISIONAL,1559,1513,P______________, ,CP012026,15.0,-140.9, ,LO,30,1003,-3, , , , , , , , , , , , ,1007,180,60, , , , , , , , , , , , , , , , , , , , , , , , , , , , , , , , , , , , , , , , , , , , , , , , , , , , , , , , , , , , , , , , , , , , , , , , , , , , , , , , , , , , , , , , , , , , , , , , , , , , , , , , , , , , , , , , , , , , , , , , , , , , , , , , , , , ,10,265
2026222N15223,2026,45,EP,CP,LALA,2026-08-12 12:00:00,DS,14.9,-141.4, , , ,PROVISIONAL,1513,1477,O______________,nhc_working_bt,CP012026,14.9,-141.4, ,LO,30,1003,-3, , , , , , , , , , , , ,1007,180,60, , , , , , , , , , , , , , , , , , , , , , , , , , , , , , , , , , , , , , , , , , , , , , , , , , , , , , , , , , , , , , , , , , , , , , , , , , , , , , , , , , , , , , , , , , , , , , , , , , , , , , , , , , , , , , , , , , , , , , , , , ,40, , , , , , , , , ,9,260
2026222N15223,2026,45,EP,CP,LALA,2026-08-12 15:00:00,DS,14.8,-141.8, , , ,PROVISIONAL,1477,1442,P______________, ,CP012026,14.8,-141.8, ,LO,33,1003,-3, , , , , , , , , , , , ,1007,208,145, , , , , , , , , , , , , , , , , , , , , , , , , , , , , , , , , , , , , , , , , , , , , , , , , , , , , , , , , , , , , , , , , , , , , , , , , , , , , , , , , , , , , , , , , , , , , , , , , , , , , , , , , , , , , , , , , , , , , , , , , , , , , , , , , , , ,8,255
2026222N15223,2026,45,EP,CP,LALA,2026-08-12 18:00:00,DS,14.7,-142.2, , , ,PROVISIONAL,1442,1403,O______________,nhc_working_bt,CP012026,14.7,-142.2, ,LO,35,1003,-3,240,0,0,0, , , , , , , , ,1007,235,230, , , , , , , , , , , , , , , , , , , , , , , , , , , , , , , , , , , , , , , , , , , , , , , , , , , , , , , , , , , , , , , , , , , , , , , , , , , , , , , , , , , , , , , , , , , , , , , , , , , , , , , , , , , , , , , , , , , , , , , , , ,45, , , , , , , , , ,8,260
2026222N15223,2026,45,EP,CP,LALA,2026-08-12 21:00:00,DS,14.7,-142.6, , , ,PROVISIONAL,1403,1354,P______________, ,CP012026,14.7,-142.6, ,LO,35,1003,-3,240,0,0,0, , , , , , , , ,1007,235,220, , , , , , , , , , , , , , , , , , , , , , , , , , , , , , , , , , , , , , , , , , , , , , , , , , , , , , , , , , , , , , , , , , , , , , , , , , , , , , , , , , , , , , , , , , , , , , , , , , , , , , , , , , , , , , , , , , , , , , , , , , , , , , , , , , , ,9,270
2026222N15223,2026,45,EP,CP,LALA,2026-08-13 00:00:00,DS,14.7,-143.1, , , ,PROVISIONAL,1354,1305,O______________,nhc_working_bt,CP012026,14.7,-143.1, ,LO,35,1002,-3,240,0,0,0, , , , , , , , ,1007,235,210, , , , , , , , , , , , , , , , , , , , , , , , , , , , , , , , , , , , , , , , , , , , , , , , , , , , , , , , , , , , , , , , , , , , , , , , , , , , , , , , , , , , , , , , , , , , , , , , , , , , , , , , , , , , , , , , , , , , , , , , , ,45, , , , ,12,180,180, ,120,9,270
2026222N15223,2026,45,EP,CP,LALA,2026-08-13 03:00:00,DS,14.7,-143.6, , , ,PROVISIONAL,1305,1257,P______________, ,CP012026,14.7,-143.6, ,LO,35,1002,-3,240,0,0,0, , , , , , , , ,1007,235,210, , , , , , , , , , , , , , , , , , , , , , , , , , , , , , , , , , , , , , , , , , , , , , , , , , , , , , , , , , , , , , , , , , , , , , , , , , , , , , , , , , , , , , , , , , , , , , , , , , , , , , , , , , , , , , , , , , , , , , , , , , , , , , ,12,180,180, ,120,10,270
2026222N15223,2026,45,EP,CP,LALA,2026-08-13 06:00:00,DS,14.7,-144.1, , , ,PROVISIONAL,1257,1213,O______________,nhc_working_bt,CP012026,14.7,-144.1, ,LO,35,1002,-3,240,0,0,0, , , , , , , , ,1007,235,210, , , , , , , , , , , , , , , , , , , , , , , , , , , , , , , , , , , , , , , , , , , , , , , , , , , , , , , , , , , , , , , , , , , , , , , , , , , , , , , , , , , , , , , , , , , , , , , , , , , , , , , , , , , , , , , , , , , , , , , , , ,45, , , , ,12,180,180, ,120,9,275
2026222N15223,2026,45,EP,CP,LALA,2026-08-13 09:00:00,DS,14.8,-144.6, , , ,PROVISIONAL,1204,1161,P______________, ,CP012026,14.8,-144.6, ,LO,35,1002,-3,180,25,0,0, , , , , , , , ,1007,218,145, , , , , , , , , , , , , , , , , , , , , , , , , , , , , , , , , , , , , , , , , , , , , , , , , , , , , , , , , , , , , , , , , , , , , , , , , , , , , , , , , , , , , , , , , , , , , , , , , , , , , , , , , , , , , , , , , , , , , , , , , , , , , , , , , , , ,9,285
2026222N15223,2026,45,EP,CP,LALA,2026-08-13 12:00:00,TS,14.9,-145.0, , , ,PROVISIONAL,1161,1127,O______________,nhc_working_bt,CP012026,14.9,-145.0, ,TS,35,1001,0,120,50,0,0, , , , , , , , ,1007,200,80, , , , , , , , , , , , , , , , , , , , , , , , , , , , , , , , , , , , , , , , , , , , , , , , , , , , , , , , , , , , , , , , , , , , , , , , , , , , , , , , , , , , , , , , , , , , , , , , , , , , , , , , , , , , , , , , , , , , , , , , , , , , , , , , , , , ,8,285
2026222N15223,2026,45,EP,CP,LALA,2026-08-13 15:00:00,TS,15.0,-145.3, , , ,PROVISIONAL,1127,1078,P______________, ,CP012026,15.0,-145.3, ,TS,38,1001,0,150,25,0,90, , , , , , , , ,1007,200,100, , , , , , , , , , , , , , , , , , , , , , , , , , , , , , , , , , , , , , , , , , , , , , , , , , , , , , , , , , , , , , , , , , , , , , , , , , , , , , , , , , , , , , , , , , , , , , , , , , , , , , , , , , , , , , , , , , , , , , , , , , , , , , , , , , , ,7,295
2026222N15223,2026,45,EP,CP,LALA,2026-08-13 18:00:00,TS,15.2,-145.7, , , ,PROVISIONAL,1078,1001,O______________,nhc_working_bt,CP012026,15.2,-145.7, ,TS,40,1000,0,180,0,0,180, , , , , , , , ,1007,200,120, , , , , , , , , , , , , , , , , , , , , , , , , , , , , , , , , , , , , , , , , , , , , , , , , , , , , , , , , , , , , , , , , , , , , , , , , , , , , , , , , , , , , , , , , , , , , , , , , , , , , , , , , , , , , , , , , , , , , , , , , ,45, , , , , , , , , ,12,300
2026222N15223,2026,45,EP,CP,LALA,2026-08-13 21:00:00,TS,15.6,-146.3, , , ,PROVISIONAL,1001,914,P______________, ,CP012026,15.6,-146.3, ,TS,43,1000,0,210,0,0,190, , , , , , , , ,1007,200,120, , , , , , , , , , , , , , , , , , , , , , , , , , , , , , , , , , , , , , , , , , , , , , , , , , , , , , , , , , , , , , , , , , , , , , , , , , , , , , , , , , , , , , , , , , , , , , , , , , , , , , , , , , , , , , , , , , , , , , , , , , , , , , , , , , , ,15,305
2026222N15223,2026,45,EP,CP,LALA,2026-08-14 00:00:00,TS,16.0,-147.0, , , ,PROVISIONAL,914,870,O______________,nhc_working_bt,CP012026,16.0,-147.0, ,TS,45,999,0,240,0,0,200, , , , , , , , ,1007,200,120, , , , , , , , , , , , , , , , , , , , , , , , , , , , , , , , , , , , , , , , , , , , , , , , , , , , , , , , , , , , , , , , , , , , , , , , , , , , , , , , , , , , , , , , , , , , , , , , , , , , , , , , , , , , , , , , , , , , , , , , , ,55, , , , ,12,210,210,120,240,12,295
2026222N15223,2026,45,EP,CP,LALA,2026-08-14 03:00:00,TS,16.1,-147.5, , , ,PROVISIONAL,861,818,P______________, ,CP012026,16.1,-147.5, ,TS,48,998,0,240,0,0,200, , , , , , , , ,1008,200,115, , , , , , , , , , , , , , , , , , , , , , , , , , , , , , , , , , , , , , , , , , , , , , , , , , , , , , , , , , , , , , , , , , , , , , , , , , , , , , , , , , , , , , , , , , , , , , , , , , , , , , , , , , , , , , , , , , , , , , , , , , , , , , ,12,240,210,120,210,9,285
2026222N15223,2026,45,EP,CP,LALA,2026-08-14 06:00:00,TS,16.2,-147.9, , , ,PROVISIONAL,818,765,O______________,nhc_working_bt,CP012026,16.2,-147.9, ,TS,50,997,0,240,0,0,200,110,0,0,0, , , , ,1008,200,110, , , , , , , , , , , , , , , , , , , , , , , , , , , , , , , , , , , , , , , , , , , , , , , , , , , , , , , , , , , , , , , , , , , , , , , , , , , , , , , , , , , , , , , , , , , , , , , , , , , , , , , , , , , , , , , , , , , , , , , , , ,60, , , , ,12,270,210,120,180,9,280
2026222N15223,2026,45,EP,CP,LALA,2026-08-14 09:00:00,TS,16.3,-148.4, , , ,PROVISIONAL,765,699,P______________, ,CP012026,16.3,-148.4, ,TS,50,997,0,210,0,0,160,105,0,0,0, , , , ,1008,200,105, , , , , , , , , , , , , , , , , , , , , , , , , , , , , , , , , , , , , , , , , , , , , , , , , , , , , , , , , , , , , , , , , , , , , , , , , , , , , , , , , , , , , , , , , , , , , , , , , , , , , , , , , , , , , , , , , , , , , , , , , , , , , , ,12,285,180,150,195,11,285
2026222N15223,2026,45,EP,CP,LALA,2026-08-14 12:00:00,TS,16.5,-149.0, , , ,PROVISIONAL,699,632,O______________,nhc_working_bt,CP012026,16.5,-149.0, ,TS,50,997,0,180,0,0,120,100,0,0,0, , , , ,1008,200,100, , , , , , , , , , , , , , , , , , , , , , , , , , , , , , , , , , , , , , , , , , , , , , , , , , , , , , , , , , , , , , , , , , , , , , , , , , , , , , , , , , , , , , , , , , , , , , , , , , , , , , , , , , , , , , , , , , , , , , , , , ,60, , , , ,12,300,150,180,210,12,290
2026222N15223,2026,45,EP,CP,LALA,2026-08-14 15:00:00,TS,16.7,-149.6, , , ,PROVISIONAL,632,551,P______________, ,CP012026,16.7,-149.6, ,TS,50,997,0,175,0,0,120,95,0,0,0, , , , ,1008,200,90, , , , , , , , , , , , , , , , , , , , , , , , , , , , , , , , , , , , , , , , , , , , , , , , , , , , , , , , , , , , , , , , , , , , , , , , , , , , , , , , , , , , , , , , , , , , , , , , , , , , , , , , , , , , , , , , , , , , , , , , , , , , , , ,12,300,150,180,210,13,290
2026222N15223,2026,45,EP,CP,LALA,2026-08-14 18:00:00,TS,17.0,-150.3, , , ,PROVISIONAL,551,467,O______________,nhc_working_bt,CP012026,17.0,-150.3, ,TS,50,997,0,170,0,0,120,90,0,0,0, , , , ,1008,200,80, , , , , , , , , , , , , , , , , , , , , , , , , , , , , , , , , , , , , , , , , , , , , , , , , , , , , , , , , , , , , , , , , , , , , , , , , , , , , , , , , , , , , , , , , , , , , , , , , , , , , , , , , , , , , , , , , , , , , , , , , ,60, , , , ,12,300,150,180,210,15,290
2026222N15223,2026,45,EP,CP,LALA,2026-08-14 21:00:00,TS,17.2,-151.1, , , ,PROVISIONAL,467,385,P______________, ,CP012026,17.2,-151.1, ,TS,53,996,0,180,0,0,145,90,0,0,0, , , , ,1008,200,80, , , , , , , , , , , , , , , , , , , , , , , , , , , , , , , , , , , , , , , , , , , , , , , , , , , , , , , , , , , , , , , , , , , , , , , , , , , , , , , , , , , , , , , , , , , , , , , , , , , , , , , , , , , , , , , , , , , , , , , , , , , , , , ,12,300,150,180,225,16,285
2026222N15223,2026,45,EP,CP,LALA,2026-08-15 00:00:00,TS,17.4,-151.9, , , ,PROVISIONAL,385,329,O______________,nhc_working_bt,CP012026,17.4,-151.9, ,TS,55,995,0,190,0,0,170,90,0,0,0, , , , ,1008,200,80, , , , , , , , , , , , , , , , , , , , , , , , , , , , , , , , , , , , , , , , , , , , , , , , , , , , , , , , , , , , , , , , , , , , , , , , , , , , , , , , , , , , , , , , , , , , , , , , , , , , , , , , , , , , , , , , , , , , , , , , , ,65, , , , ,12,300,150,180,240,13,285
2026222N15223,2026,45,EP,CP,LALA,2026-08-15 03:00:00,TS,17.5,-152.5, , , ,PROVISIONAL,329,284,P______________, ,CP012026,17.5,-152.5, ,TS,55,993,0,190,0,0,160,90,0,0,0, , , , ,1009,200,80, , , , , , , , , , , , , , , , , , , , , , , , , , , , , , , , , , , , , , , , , , , , , , , , , , , , , , , , , , , , , , , , , , , , , , , , , , , , , , , , , , , , , , , , , , , , , , , , , , , , , , , , , , , , , , , , , , , , , , , , , , , , , , ,12,300,150,180,240,11,280
2026222N15223,2026,45,EP,CP,LALA,2026-08-15 06:00:00,TS,17.6,-153.0, , , ,PROVISIONAL,284,238,O______________,nhc_working_bt,CP012026,17.6,-153.0, ,TS,55,991,0,190,0,0,150,90,0,0,0, , , , ,1009,200,80, , , , , , , , , , , , , , , , , , , , , , , , , , , , , , , , , , , , , , , , , , , , , , , , , , , , , , , , , , , , , , , , , , , , , , , , , , , , , , , , , , , , , , , , , , , , , , , , , , , , , , , , , , , , , , , , , , , , , , , , , ,65, , , , ,12,300,150,180,240,10,280
2026222N15223,2026,45,EP,CP,LALA,2026-08-15 09:00:00,TS,17.7,-153.6, , , ,PROVISIONAL,232,192,P______________, ,CP012026,17.7,-153.6, ,TS,55,991,0,185,20,15,150,75,0,0,20, , , , ,1009,200,70, , , , , , , , , , , , , , , , , , , , , , , , , , , , , , , , , , , , , , , , , , , , , , , , , , , , , , , , , , , , , , , , , , , , , , , , , , , , , , , , , , , , , , , , , , , , , , , , , , , , , , , , , , , , , , , , , , , , , , , , , , , , , , ,12,300,165,210,270,11,280
2026222N15223,2026,45,EP,CP,LALA,2026-08-15 12:00:00,TS,17.8,-154.1, , , ,PROVISIONAL,192,169,O______________,nhc_working_bt,CP012026,17.8,-154.1, ,TS,55,991,0,180,40,30,150,60,0,0,40, , , , ,1009,200,60, , , , , , , , , , , , , , , , , , , , , , , , , , , , , , , , , , , , , , , , , , , , , , , , , , , , , , , , , , , , , , , , , , , , , , , , , , , , , , , , , , , , , , , , , , , , , , , , , , , , , , , , , , , , , , , , , , , , , , , , , ,65, , , , ,12,300,180,240,300,10,280
2026222N15223,2026,45,EP,CP,LALA,2026-08-15 15:00:00,TS,17.8,-154.6, , , ,PROVISIONAL,169,134,P______________, ,CP012026,17.8,-154.6, ,TS,60,990,0,165,45,40,120,60,15,0,45, , , , ,1009,180,45, , , , , , , , , , , , , , , , , , , , , , , , , , , , , , , , , , , , , , , , , , , , , , , , , , , , , , , , , , , , , , , , , , , , , , , , , , , , , , , , , , , , , , , , , , , , , , , , , , , , , , , , , , , , , , , , , , , , , , , , , , , , , , ,12,300,180,240,300,9,275
2026222N15223,2026,45,EP,CP,LALA,2026-08-15 18:00:00,TS,17.9,-155.0, , , ,PROVISIONAL,134,109,O______________,nhc_working_bt,CP012026,17.9,-155.0, ,HU,65,988,1,150,50,50,90,60,30,0,50,30,0,0,0,1009,160,30, , , , , , , , , , , , , , , , , , , , , , , , , , , , , , , , , , , , , , , , , , , , , , , , , , , , , , , , , , , , , , , , , , , , , , , , , , , , , , , , , , , , , , , , , , , , , , , , , , , , , , , , , , , , , , , , , , , , , , , , , ,80, , , , ,12,300,180,240,300,8,285
2026222N15223,2026,45,EP,CP,LALA,2026-08-15 21:00:00,TS,18.0,-155.4, , , ,PROVISIONAL,105,67,P______________, ,CP012026,18.0,-155.4, ,HU,65,988,1,150,50,50,90,60,30,0,50,30,0,0,15,1009,160,25, , , , , , , , , , , , , , , , , , , , , , , , , , , , , , , , , , , , , , , , , , , , , , , , , , , , , , , , , , , , , , , , , , , , , , , , , , , , , , , , , , , , , , , , , , , , , , , , , , , , , , , , , , , , , , , , , , , , , , , , , , , , , , ,12,300,180,240,285,8,300
2026222N15223,2026,45,EP,CP,LALA,2026-08-16 00:00:00,TS,18.3,-155.7, , , ,PROVISIONAL,67,46,O______________,nhc_working_bt,CP012026,18.3,-155.7, ,HU,65,988,1,150,50,50,90,60,30,0,50,30,0,0,30,1009,160,20,20, , , , , , , , , , , , , , , , , , , , , , , , , , , , , , , , , , , , , , , , , , , , , , , , , , , , , , , , , , , , , , , , , , , , , , , , , , , , , , , , , , , , , , , , , , , , , , , , , , , , , , , , , , , , , , , , , , , , , , , , ,80, , , , ,12,300,180,240,270,9,315
2026222N15223,2026,45,EP,CP,LALA,2026-08-16 03:00:00,TS,18.7,-156.1, , , ,PROVISIONAL,46,43,P______________, ,CP012026,18.7,-156.1, ,HU,65,988,1,145,70,50,90,60,30,0,50,30,0,0,30,1009,160,20, , , , , , , , , , , , , , , , , , , , , , , , , , , , , , , , , , , , , , , , , , , , , , , , , , , , , , , , , , , , , , , , , , , , , , , , , , , , , , , , , , , , , , , , , , , , , , , , , , , , , , , , , , , , , , , , , , , , , , , , , , , , , , ,12,300,180,225,285,11,315
2026222N15223,2026,45,EP,CP,LALA,2026-08-16 06:00:00,TS,19.1,-156.5, , , ,PROVISIONAL,63,63,O______________,nhc_working_bt,CP012026,19.1,-156.5, ,HU,65,988,1,140,90,50,90,60,30,0,50,30,0,0,30,1009,160,20, , , , , , , , , , , , , , , , , , , , , , , , , , , , , , , , , , , , , , , , , , , , , , , , , , , , , , , , , , , , , , , , , , , , , , , , , , , , , , , , , , , , , , , , , , , , , , , , , , , , , , , , , , , , , , , , , , , , , , , , , ,80, , , , ,12,300,180,210,300,12,315
2026222N15223,2026,45,EP,CP,LALA,2026-08-16 09:00:00,TS,19.5,-157.0, , , ,PROVISIONAL,96,96,P______________, ,CP012026,19.5,-157.0, ,TS,63,990,0,130,70,50,90,60,15,0,50, , , , ,1009,160,20, , , , , , , , , , , , , , , , , , , , , , , , , , , , , , , , , , , , , , , , , , , , , , , , , , , , , , , , , , , , , , , , , , , , , , , , , , , , , , , , , , , , , , , , , , , , , , , , , , , , , , , , , , , , , , , , , , , , , , , , , , , , , , ,12,285,180,195,300,13,310
2026222N15223,2026,45,EP,CP,LALA,2026-08-16 12:00:00,TS,19.9,-157.6, , , ,PROVISIONAL,144,100,O______________,nhc_working_bt,CP012026,19.9,-157.6, ,TS,60,991,0,120,50,50,90,60,0,0,50, , , , ,1009,160,20, , , , , , , , , , , , , , , , , , , , , , , , , , , , , , , , , , , , , , , , , , , , , , , , , , , , , , , , , , , , , , , , , , , , , , , , , , , , , , , , , , , , , , , , , , , , , , , , , , , , , , , , , , , , , , , , , , , , , , , , , ,75, , , , ,12,270,180,180,300,14,310
2026222N15223,2026,45,EP,CP,LALA,2026-08-16 15:00:00,TS,20.4,-158.1, , , ,PROVISIONAL,100,78,P______________, ,CP012026,20.4,-158.1, ,TS,58,993,0,120,50,50,90,55,0,0,50, , , , ,1009,160,20, , , , , , , , , , , , , , , , , , , , , , , , , , , , , , , , , , , , , , , , , , , , , , , , , , , , , , , , , , , , , , , , , , , , , , , , , , , , , , , , , , , , , , , , , , , , , , , , , , , , , , , , , , , , , , , , , , , , , , , , , , , , , , ,12,255,180,180,285,14,310
2026222N15223,2026,45,EP,CP,LALA,2026-08-16 18:00:00,TS,20.8,-158.8, , , ,PROVISIONAL,91,91,O______________,nhc_working_bt,CP012026,20.8,-158.8, ,TS,55,994,0,120,50,50,90,50,0,0,50, , , , ,1009,160,20, , , , , , , , , , , , , , , , , , , , , , , , , , , , , , , , , , , , , , , , , , , , , , , , , , , , , , , , , , , , , , , , , , , , , , , , , , , , , , , , , , , , , , , , , , , , , , , , , , , , , , , , , , , , , , , , , , , , , , , , , ,65, , , , ,12,240,180,180,270,17,285
2026222N15223,2026,45,EP,CP,LALA,2026-08-16 21:00:00,TS,20.9,-159.8, , , ,PROVISIONAL,119,119,P______________, ,CP012026,20.9,-159.8, ,TS,55,994,0,120,50,50,90,50,0,0,50, , , , ,1009,160,20, , , , , , , , , , , , , , , , , , , , , , , , , , , , , , , , , , , , , , , , , , , , , , , , , , , , , , , , , , , , , , , , , , , , , , , , , , , , , , , , , , , , , , , , , , , , , , , , , , , , , , , , , , , , , , , , , , , , , , , , , , , , , , ,12,225,165,195,255,19,270
2026222N15223,2026,45,EP,CP,LALA,2026-08-17 00:00:00,TS,20.8,-160.9, , , ,PROVISIONAL,175,175,O______________,nhc_working_bt,CP012026,20.8,-160.8, ,TS,55,994,0,120,50,50,90,50,0,0,50, , , , ,1009,160,20, , , , , , , , , , , , , , , , , , , , , , , , , , , , , , , , , , , , , , , , , , , , , , , , , , , , , , , , , , , , , , , , , , , , , , , , , , , , , , , , , , , , , , , , , , , , , , , , , , , , , , , , , , , , , , , , , , , , , , , , , ,65, , , , ,12,210,150,210,240,16,265
2026222N15223,2026,45,EP,CP,LALA,2026-08-17 03:00:00,TS,20.7,-161.5, , , ,PROVISIONAL,228,228,P______________, ,CP012026,20.7,-161.5, ,TS,53,996,0,100,50,50,90,45,0,0,45, , , , ,1009,165,23, , , , , , , , , , , , , , , , , , , , , , , , , , , , , , , , , , , , , , , , , , , , , , , , , , , , , , , , , , , , , , , , , , , , , , , , , , , , , , , , , , , , , , , , , , , , , , , , , , , , , , , , , , , , , , , , , , , , , , , , , , , , , , ,12,210,135,165,240,11,265
2026222N15223,2026,45,EP,CP,LALA,2026-08-17 06:00:00,TS,20.7,-162.0, , , ,PROVISIONAL,270,270,O______________,nhc_working_bt,CP012026,20.6,-162.0, ,TS,50,997,0,80,50,50,90,40,0,0,40, , , , ,1009,170,25, , , , , , , , , , , , , , , , , , , , , , , , , , , , , , , , , , , , , , , , , , , , , , , , , , , , , , , , , , , , , , , , , , , , , , , , , , , , , , , , , , , , , , , , , , , , , , , , , , , , , , , , , , , , , , , , , , , , , , , , , ,60, , , , ,12,210,120,120,240,9,260
2026222N15223,2026,45,EP,CP,LALA,2026-08-17 09:00:00,TS,20.6,-162.5, , , ,PROVISIONAL,320,320,P______________, ,CP012026,20.5,-162.5, ,TS,50,997,0,75,50,50,90,40,0,0,40, , , , ,1010,170,25, , , , , , , , , , , , , , , , , , , , , , , , , , , , , , , , , , , , , , , , , , , , , , , , , , , , , , , , , , , , , , , , , , , , , , , , , , , , , , , , , , , , , , , , , , , , , , , , , , , , , , , , , , , , , , , , , , , , , , , , , , , , , , ,12,210,105,120,195,9,260
2026222N15223,2026,45,EP,CP,LALA,2026-08-17 12:00:00,TS,20.5,-162.9, , , ,PROVISIONAL,362,362,O______________,nhc_working_bt,CP012026,20.5,-162.9, ,TS,50,997,0,70,50,50,90,40,0,0,40, , , , ,1010,170,25, , , , , , , , , , , , , , , , , , , , , , , , , , , , , , , , , , , , , , , , , , , , , , , , , , , , , , , , , , , , , , , , , , , , , , , , , , , , , , , , , , , , , , , , , , , , , , , , , , , , , , , , , , , , , , , , , , , , , , , , , ,60, , , , ,12,210,90,120,150,9,260
2026222N15223,2026,45,EP,CP,LALA,2026-08-17 15:00:00,TS,20.4,-163.4, , , ,PROVISIONAL,413,413,P______________, ,CP012026,20.4,-163.4, ,TS,53,996,0,75,55,50,85,40,0,0,40, , , , ,1010,170,23, , , , , , , , , , , , , , , , , , , , , , , , , , , , , , , , , , , , , , , , , , , , , , , , , , , , , , , , , , , , , , , , , , , , , , , , , , , , , , , , , , , , , , , , , , , , , , , , , , , , , , , , , , , , , , , , , , , , , , , , , , , , , , ,12,195,83,120,150,9,265
2026222N15223,2026,45,EP,CP,LALA,2026-08-17 18:00:00,TS,20.4,-163.9, , , ,PROVISIONAL,461,461,O______________,nhc_working_bt,CP012026,20.4,-163.9, ,TS,55,994,0,80,60,50,80,40,0,0,40, , , , ,1010,170,20, , , , , , , , , , , , , , , , , , , , , , , , , , , , , , , , , , , , , , , , , , , , , , , , , , , , , , , , , , , , , , , , , , , , , , , , , , , , , , , , , , , , , , , , , , , , , , , , , , , , , , , , , , , , , , , , , , , , , , , , , ,65, , , , ,12,180,75,120,150,10,265
2026222N15223,2026,45,EP,CP,LALA,2026-08-17 21:00:00,TS,20.3,-164.5, , , ,PROVISIONAL,523,523,P______________, ,CP012026,20.3,-164.5, ,TS,58,993,0,80,60,50,80,40,0,0,40, , , , ,1010,170,20, , , , , , , , , , , , , , , , , , , , , , , , , , , , , , , , , , , , , , , , , , , , , , , , , , , , , , , , , , , , , , , , , , , , , , , , , , , , , , , , , , , , , , , , , , , , , , , , , , , , , , , , , , , , , , , , , , , , , , , , , , , , , , ,12,180,68,120,150,10,265
2026222N15223,2026,45,EP,CP,LALA,2026-08-18 00:00:00,TS,20.3,-165.0, , , ,PROVISIONAL,571,571,O______________,nhc_working_bt,CP012026,20.3,-165.0, ,TS,60,992,0,80,60,50,80,40,0,0,40, , , , ,1010,170,20, , , , , , , , , , , , , , , , , , , , , , , , , , , , , , , , , , , , , , , , , , , , , , , , , , , , , , , , , , , , , , , , , , , , , , , , , , , , , , , , , , , , , , , , , , , , , , , , , , , , , , , , , , , , , , , , , , , , , , , , , ,75, , , , ,12,180,60,120,150,9,270
2026222N15223,2026,45,EP,CP,LALA,2026-08-18 03:00:00,TS,20.3,-165.4, , , ,PROVISIONAL,610,610,P______________, ,CP012026,20.3,-165.4, ,TS,63,991,0,80,65,50,85,40,10,10,40, , , , ,1010,170,18, , , , , , , , , , , , , , , , , , , , , , , , , , , , , , , , , , , , , , , , , , , , , , , , , , , , , , , , , , , , , , , , , , , , , , , , , , , , , , , , , , , , , , , , , , , , , , , , , , , , , , , , , , , , , , , , , , , , , , , , , , , , , , ,12,165,68,120,150,8,280
2026222N15223,2026,45,EP,CP,LALA,2026-08-18 06:00:00,TS,20.4,-165.8, , , ,PROVISIONAL,647,647,O______________,nhc_working_bt,CP012026,20.4,-165.8, ,HU,65,989,1,80,70,50,90,40,20,20,40,15,0,0,15,1010,170,15, , , , , , , , , , , , , , , , , , , , , , , , , , , , , , , , , , , , , , , , , , , , , , , , , , , , , , , , , , , , , , , , , , , , , , , , , , , , , , , , , , , , , , , , , , , , , , , , , , , , , , , , , , , , , , , , , , , , , , , , , ,80, , , , ,12,150,75,120,150,7,275
2026222N15223,2026,45,EP,CP,LALA,2026-08-18 09:00:00,TS,20.4,-166.2, , , ,PROVISIONAL,686,686,P______________, ,CP012026,20.4,-166.2, ,HU,68,987,1,80,70,50,90,40,20,20,40,15,0,0,15,1010,170,15, , , , , , , , , , , , , , , , , , , , , , , , , , , , , , , , , , , , , , , , , , , , , , , , , , , , , , , , , , , , , , , , , , , , , , , , , , , , , , , , , , , , , , , , , , , , , , , , , , , , , , , , , , , , , , , , , , , , , , , , , , , , , , ,12,150,83,135,165,8,270
2026222N15223,2026,45,EP,CP,LALA,2026-08-18 12:00:00,TS,20.4,-166.6, , , ,PROVISIONAL,727,727,O______________,nhc_working_bt,CP012026,20.3,-166.7, ,HU,70,985,1,80,70,50,90,40,20,20,40,15,0,0,15,1010,170,15, , , , , , , , , , , , , , , , , , , , , , , , , , , , , , , , , , , , , , , , , , , , , , , , , , , , , , , , , , , , , , , , , , , , , , , , , , , , , , , , , , , , , , , , , , , , , , , , , , , , , , , , , , , , , , , , , , , , , , , , , ,85, , , , ,12,150,90,150,180,9,265
2026222N15223,2026,45,EP,CP,LALA,2026-08-18 15:00:00,TS,20.3,-167.2, , , ,PROVISIONAL,790,790,P______________, ,CP012026,20.3,-167.2, ,HU,78,980,1,80,70,50,90,40,20,20,40,18,8,5,18,1010,170,15, , , , , , , , , , , , , , , , , , , , , , , , , , , , , , , , , , , , , , , , , , , , , , , , , , , , , , , , , , , , , , , , , , , , , , , , , , , , , , , , , , , , , , , , , , , , , , , , , , , , , , , , , , , , , , , , , , , , , , , , , , , , , , ,12,158,90,120,173,10,265
2026222N15223,2026,45,EP,CP,LALA,2026-08-18 18:00:00,TS,20.3,-167.7, , , ,PROVISIONAL,840,840,O______________,nhc_working_bt,CP012026,20.3,-167.7, ,HU,85,974,2,80,70,50,90,40,20,20,40,20,15,10,20,1010,170,15, , , , , , , , , , , , , , , , , , , , , , , , , , , , , , , , , , , , , , , , , , , , , , , , , , , , , , , , , , , , , , , , , , , , , , , , , , , , , , , , , , , , , , , , , , , , , , , , , , , , , , , , , , , , , , , , , , , , , , , , , ,105, , , , ,12,165,90,90,165,9,275
2026222N15223,2026,45,EP,CP,LALA,2026-08-18 21:00:00,TS,20.4,-168.1, , , ,PROVISIONAL,878,878,P______________, ,CP012026,20.4,-168.1, ,HU,93,967,2,90,80,50,95,45,30,25,45,23,18,15,23,1010,165,15, , , , , , , , , , , , , , , , , , , , , , , , , , , , , , , , , , , , , , , , , , , , , , , , , , , , , , , , , , , , , , , , , , , , , , , , , , , , , , , , , , , , , , , , , , , , , , , , , , , , , , , , , , , , , , , , , , , , , , , , , , , , , , ,12,165,90,90,165,8,285
2026222N15223,2026,45,EP,CP,LALA,2026-08-19 00:00:00,TS,20.5,-168.5, , , ,PROVISIONAL,916,916,O______________,nhc_working_bt,CP012026,20.5,-168.5, ,HU,100,960,3,100,90,50,100,50,40,30,50,25,20,20,25,1009,160,15, , , , , , , , , , , , , , , , , , , , , , , , , , , , , , , , , , , , , , , , , , , , , , , , , , , , , , , , , , , , , , , , , , , , , , , , , , , , , , , , , , , , , , , , , , , , , , , , , , , , , , , , , , , , , , , , , , , , , , , , , ,120, , , , ,12,165,90,90,165,8,285
2026222N15223,2026,45,EP,CP,LALA,2026-08-19 03:00:00,TS,20.6,-168.9, , , ,PROVISIONAL,955,955,P______________, ,CP012026,20.6,-168.9, ,HU,108,954,3,100,90,50,100,50,40,30,50,25,20,20,25,1009,170,15, , , , , , , , , , , , , , , , , , , , , , , , , , , , , , , , , , , , , , , , , , , , , , , , , , , , , , , , , , , , , , , , , , , , , , , , , , , , , , , , , , , , , , , , , , , , , , , , , , , , , , , , , , , , , , , , , , , , , , , , , , , , , , ,12,173,98,113,173,8,285
2026222N15223,2026,45,EP,CP,LALA,2026-08-19 06:00:00,TS,20.7,-169.3, , , ,PROVISIONAL,994,994,O______________,nhc_working_bt,CP012026,20.7,-169.3, ,HU,115,947,4,100,90,50,100,50,40,30,50,25,20,20,25,1009,180,15, , , , , , , , , , , , , , , , , , , , , , , , , , , , , , , , , , , , , , , , , , , , , , , , , , , , , , , , , , , , , , , , , , , , , , , , , , , , , , , , , , , , , , , , , , , , , , , , , , , , , , , , , , , , , , , , , , , , , , , , , ,140, , , , ,12,180,105,135,180,7,290
2026222N15223,2026,45,EP,CP,LALA,2026-08-19 09:00:00,TS,20.8,-169.6, , , ,PROVISIONAL,1022,1022,P______________, ,CP012026,20.8,-169.6, ,HU,113,950,4,100,90,50,100,50,40,30,50,25,20,20,25,1009,180,15, , , , , , , , , , , , , , , , , , , , , , , , , , , , , , , , , , , , , , , , , , , , , , , , , , , , , , , , , , , , , , , , , , , , , , , , , , , , , , , , , , , , , , , , , , , , , , , , , , , , , , , , , , , , , , , , , , , , , , , , , , , , , , ,12,180,105,135,180,6,300
2026222N15223,2026,45,EP,CP,LALA,2026-08-19 12:00:00,TS,21.0,-169.9, , , ,PROVISIONAL,1050,1050,O______________,nhc_working_bt,CP012026,21.0,-169.9, ,HU,110,953,3,100,90,50,100,50,40,30,50,25,20,20,25,1009,180,15, , , , , , , , , , , , , , , , , , , , , , , , , , , , , , , , , , , , , , , , , , , , , , , , , , , , , , , , , , , , , , , , , , , , , , , , , , , , , , , , , , , , , , , , , , , , , , , , , , , , , , , , , , , , , , , , , , , , , , , , , ,135, , , , ,12,180,105,135,180,9,315
2026222N15223,2026,45,EP,CP,LALA,2026-08-19 15:00:00,TS,21.4,-170.3, , , ,PROVISIONAL,1086,1085,P______________, ,CP012026,21.4,-170.3, ,HU,108,955,3,100,90,50,100,50,40,30,50,25,20,20,25,1009,180,15, , , , , , , , , , , , , , , , , , , , , , , , , , , , , , , , , , , , , , , , , , , , , , , , , , , , , , , , , , , , , , , , , , , , , , , , , , , , , , , , , , , , , , , , , , , , , , , , , , , , , , , , , , , , , , , , , , , , , , , , , , , , , , ,12,180,113,143,195,11,320
2026222N15223,2026,45,EP,CP,LALA,2026-08-19 18:00:00,TS,21.9,-170.7, , , ,PROVISIONAL,1123,1123,O______________,nhc_working_bt,CP012026,21.8,-170.7, ,HU,105,956,3,100,90,50,100,50,40,30,50,25,20,20,25,1009,180,15, , , , , , , , , , , , , , , , , , , , , , , , , , , , , , , , , , , , , , , , , , , , , , , , , , , , , , , , , , , , , , , , , , , , , , , , , , , , , , , , , , , , , , , , , , , , , , , , , , , , , , , , , , , , , , , , , , , , , , , , , ,135, , , , ,12,180,120,150,210,10,315
2026222N15223,2026,45,EP,CP,LALA,2026-08-19 21:00:00,TS,22.1,-171.0, , , ,PROVISIONAL,1153,1153,P______________, ,CP012026,22.1,-171.0, ,HU,103,958,3,110,95,60,105,60,50,40,50,28,23,23,25,1010,185,15, , , , , , , , , , , , , , , , , , , , , , , , , , , , , , , , , , , , , , , , , , , , , , , , , , , , , , , , , , , , , , , , , , , , , , , , , , , , , , , , , , , , , , , , , , , , , , , , , , , , , , , , , , , , , , , , , , , , , , , , , , , , , , ,12,165,128,135,195,8,315
2026222N15223,2026,45,EP,CP,LALA,2026-08-20 00:00:00,TS,22.4,-171.3, , , ,PROVISIONAL,1184,1184,O______________,nhc_working_bt,CP012026,22.4,-171.3, ,HU,100,959,3,120,100,70,110,70,60,50,50,30,25,25,25,1010,190,15, , , , , , , , , , , , , , , , , , , , , , , , , , , , , , , , , , , , , , , , , , , , , , , , , , , , , , , , , , , , , , , , , , , , , , , , , , , , , , , , , , , , , , , , , , , , , , , , , , , , , , , , , , , , , , , , , , , , , , , , , ,120, , , , ,12,150,135,120,180,8,320
2026222N15223,2026,45,EP,CP,LALA,2026-08-20 03:00:00,TS,22.7,-171.6, , , ,PROVISIONAL,1215,1215,P______________, ,CP012026,22.7,-171.6, ,HU,98,961,3,135,110,75,110,75,60,55,60,35,30,28,30,1010,190,15, , , , , , , , , , , , , , , , , , , , , , , , , , , , , , , , , , , , , , , , , , , , , , , , , , , , , , , , , , , , , , , , , , , , , , , , , , , , , , , , , , , , , , , , , , , , , , , , , , , , , , , , , , , , , , , , , , , , , , , , , , , , , , ,12,165,143,150,180,8,325
2026222N15223,2026,45,EP,CP,LALA,2026-08-20 06:00:00,TS,23.1,-171.8, , , ,PROVISIONAL,1237,1237,O______________,nhc_working_bt,CP012026,23.1,-171.8, ,HU,95,963,2,150,120,80,110,80,60,60,70,40,35,30,35,1010,190,15, , , , , , , , , , , , , , , , , , , , , , , , , , , , , , , , , , , , , , , , , , , , , , , , , , , , , , , , , , , , , , , , , , , , , , , , , , , , , , , , , , , , , , , , , , , , , , , , , , , , , , , , , , , , , , , , , , , , , , , , , ,115, , , , ,12,180,150,180,180,8,335
2026222N15223,2026,45,EP,CP,LALA,2026-08-20 09:00:00,TS,23.4,-171.9, , , ,PROVISIONAL,1250,1250,P______________, ,CP012026,23.4,-171.9, ,HU,88,968,2,150,120,80,110,80,60,60,70,40,35,30,35,1010,190,18, , , , , , , , , , , , , , , , , , , , , , , , , , , , , , , , , , , , , , , , , , , , , , , , , , , , , , , , , , , , , , , , , , , , , , , , , , , , , , , , , , , , , , , , , , , , , , , , , , , , , , , , , , , , , , , , , , , , , , , , , , , , , , ,12,180,150,180,180,7,345
2026222N15223,2026,45,EP,CP,LALA,2026-08-20 12:00:00,TS,23.8,-172.0, , , ,PROVISIONAL,1264,1264,O______________,nhc_working_bt,CP012026,23.8,-172.0, ,HU,80,972,1,150,120,80,110,80,60,60,70,40,35,30,35,1010,190,20, , , , , , , , , , , , , , , , , , , , , , , , , , , , , , , , , , , , , , , , , , , , , , , , , , , , , , , , , , , , , , , , , , , , , , , , , , , , , , , , , , , , , , , , , , , , , , , , , , , , , , , , , , , , , , , , , , , , , , , , , ,105, , , , ,12,180,150,180,180,8,345
2026222N15223,2026,45,EP,CP,LALA,2026-08-20 15:00:00,TS,24.2,-172.2, , , ,PROVISIONAL,1290,1290,P______________, ,CP012026,24.2,-172.2, ,HU,80,973,1,150,120,80,110,80,60,60,70,40,35,30,35,1010,190,23, , , , , , , , , , , , , , , , , , , , , , , , , , , , , , , , , , , , , , , , , , , , , , , , , , , , , , , , , , , , , , , , , , , , , , , , , , , , , , , , , , , , , , , , , , , , , , , , , , , , , , , , , , , , , , , , , , , , , , , , , , , , , , ,12,180,150,180,180,8,340
2026222N15223,2026,45,EP,CP,LALA,2026-08-20 18:00:00,TS,24.6,-172.3, , , ,PROVISIONAL,1308,1308,O______________,nhc_working_bt,CP012026,24.6,-172.3, ,HU,80,973,1,150,120,80,110,80,60,60,70,40,35,30,35,1010,190,25, , , , , , , , , , , , , , , , , , , , , , , , , , , , , , , , , , , , , , , , , , , , , , , , , , , , , , , , , , , , , , , , , , , , , , , , , , , , , , , , , , , , , , , , , , , , , , , , , , , , , , , , , , , , , , , , , , , , , , , , , ,100, , , , ,12,180,150,180,180,8,345
2026222N15223,2026,45,EP,CP,LALA,2026-08-20 21:00:00,TS,24.9,-172.4, , , ,PROVISIONAL,1324,1321,P______________, ,CP012026,25.0,-172.3, ,HU,80,974,1,140,115,80,110,75,60,60,70,40,38,30,35,1011,190,25, , , , , , , , , , , , , , , , , , , , , , , , , , , , , , , , , , , , , , , , , , , , , , , , , , , , , , , , , , , , , , , , , , , , , , , , , , , , , , , , , , , , , , , , , , , , , , , , , , , , , , , , , , , , , , , , , , , , , , , , , , , , , , ,12,180,150,180,180,7,355
2026222N15223,2026,45,EP,CP,LALA,2026-08-21 00:00:00,TS,25.3,-172.3, , , ,PROVISIONAL,1324,1319,O______________,nhc_working_bt,CP012026,25.4,-172.2, ,HU,80,974,1,130,110,80,110,70,60,60,70,40,40,30,35,1011,190,25, , , , , , , , , , , , , , , , , , , , , , , , , , , , , , , , , , , , , , , , , , , , , , , , , , , , , , , , , , , , , , , , , , , , , , , , , , , , , , , , , , , , , , , , , , , , , , , , , , , , , , , , , , , , , , , , , , , , , , , , , ,100, , , , ,12,180,150,180,180,8,15
2026222N15223,2026,45,EP,CP,LALA,2026-08-21 03:00:00,TS,25.7,-172.2, , , ,PROVISIONAL,1325,1306,P______________, ,CP012026,25.7,-172.1, ,HU,80,974,1,130,115,80,110,70,60,60,70,40,40,30,35,1012,190,25, , , , , , , , , , , , , , , , , , , , , , , , , , , , , , , , , , , , , , , , , , , , , , , , , , , , , , , , , , , , , , , , , , , , , , , , , , , , , , , , , , , , , , , , , , , , , , , , , , , , , , , , , , , , , , , , , , , , , , , , , , , , , , ,12,180,158,180,180,9,25
2026222N15223,2026,45,EP,CP,LALA,2026-08-21 06:00:00,TS,26.1,-171.9, , , ,PROVISIONAL,1309,1296,O______________,nhc_working_bt,CP012026,26.1,-171.9, ,HU,80,974,1,130,120,80,110,70,60,60,70,40,40,30,35,1012,190,25, , , , , , , , , , , , , , , , , , , , , , , , , , , , , , , , , , , , , , , , , , , , , , , , , , , , , , , , , , , , , , , , , , , , , , , , , , , , , , , , , , , , , , , , , , , , , , , , , , , , , , , , , , , , , , , , , , , , , , , , , ,100, , , , ,12,180,165,180,180,10,30
2026222N15223,2026,45,EP,CP,LALA,2026-08-21 09:00:00,TS,26.5,-171.6, , , ,PROVISIONAL,1296,1284,P______________, ,CP012026,26.5,-171.6, ,HU,83,972,2,130,125,80,110,70,65,60,70,40,40,30,35,1012,195,25, , , , , , , , , , , , , , , , , , , , , , , , , , , , , , , , , , , , , , , , , , , , , , , , , , , , , , , , , , , , , , , , , , , , , , , , , , , , , , , , , , , , , , , , , , , , , , , , , , , , , , , , , , , , , , , , , , , , , , , , , , , , , , ,12,195,165,180,180,11,30
2026222N15223,2026,45,EP,CP,LALA,2026-08-21 12:00:00,TS,27.0,-171.3, , , ,PROVISIONAL,1289,1280,O______________,nhc_working_bt,CP012026,27.0,-171.3, ,HU,85,970,2,130,130,80,110,70,70,60,70,40,40,30,35,1011,200,25, , , , , , , , , , , , , , , , , , , , , , , , , , , , , , , , , , , , , , , , , , , , , , , , , , , , , , , , , , , , , , , , , , , , , , , , , , , , , , , , , , , , , , , , , , , , , , , , , , , , , , , , , , , , , , , , , , , , , , , , , ,105, , , , ,12,210,165,180,180,12,30
2026222N15223,2026,45,EP,CP,LALA,2026-08-21 15:00:00,TS,27.5,-171.0, , , ,PROVISIONAL,1285,1281,P______________, ,CP012026,27.5,-171.0, ,HU,83,972,2,135,135,100,115,70,70,60,70,40,40,30,35,1012,225,25, , , , , , , , , , , , , , , , , , , , , , , , , , , , , , , , , , , , , , , , , , , , , , , , , , , , , , , , , , , , , , , , , , , , , , , , , , , , , , , , , , , , , , , , , , , , , , , , , , , , , , , , , , , , , , , , , , , , , , , , , , , , , , ,12,195,158,165,195,12,25
2026222N15223,2026,45,EP,CP,LALA,2026-08-21 18:00:00,TS,28.1,-170.7, , , ,PROVISIONAL,1290,1282,O______________,nhc_working_bt,CP012026,28.0,-170.7, ,HU,80,974,1,140,140,120,120,70,70,60,70,40,40,30,35,1012,250,25, , , , , , , , , , , , , , , , , , , , , , , , , , , , , , , , , , , , , , , , , , , , , , , , , , , , , , , , , , , , , , , , , , , , , , , , , , , , , , , , , , , , , , , , , , , , , , , , , , , , , , , , , , , , , , , , , , , , , , , , , ,100, , , , ,12,180,150,150,210,10,30
2026222N15223,2026,45,EP,CP,LALA,2026-08-21 21:00:00,TS,28.4,-170.5, , , ,PROVISIONAL,1290,1282,P______________, ,CP012026,28.5,-170.5, ,HU,78,975,1,140,140,120,120,70,70,60,70,40,40,30,35,1012,250,28, , , , , , , , , , , , , , , , , , , , , , , , , , , , , , , , , , , , , , , , , , , , , , , , , , , , , , , , , , , , , , , , , , , , , , , , , , , , , , , , , , , , , , , , , , , , , , , , , , , , , , , , , , , , , , , , , , , , , , , , , , , , , , ,12,195,150,135,210,7,20
2026222N15223,2026,45,EP,CP,LALA,2026-08-22 00:00:00,TS,28.8,-170.4, , , ,PROVISIONAL,1306,1306,O______________,nhc_working_bt,CP012026,29.1,-170.5, ,HU,75,976,1,140,140,120,120,70,70,60,70,40,40,30,35,1012,250,30, , , , , , , , , , , , , , , , , , , , , , , , , , , , , , , , , , , , , , , , , , , , , , , , , , , , , , , , , , , , , , , , , , , , , , , , , , , , , , , , , , , , , , , , , , , , , , , , , , , , , , , , , , , , , , , , , , , , , , , , , ,90, , , , ,12,210,150,120,210,12,345
2026222N15223,2026,45,EP,CP,LALA,2026-08-22 03:00:00,TS,29.5,-170.8, , , ,PROVISIONAL,1382,1382,P______________, ,CP012026,29.7,-170.9, ,HU,75,976,1,160,135,120,135,85,70,70,80,45,40,35,48,1012,250,30, , , , , , , , , , , , , , , , , , , , , , , , , , , , , , , , , , , , , , , , , , , , , , , , , , , , , , , , , , , , , , , , , , , , , , , , , , , , , , , , , , , , , , , , , , , , , , , , , , , , , , , , , , , , , , , , , , , , , , , , , , , , , , ,12,210,195,165,210,17,330
2026222N15223,2026,45,EP,CP,LALA,2026-08-22 06:00:00,TS,30.2,-171.4, , , ,PROVISIONAL,1474,1474,O______________,nhc_working_bt,CP012026,30.2,-171.4, ,HU,75,976,1,180,130,120,150,100,70,80,90,50,40,40,60,1011,250,30, , , , , , , , , , , , , , , , , , , , , , , , , , , , , , , , , , , , , , , , , , , , , , , , , , , , , , , , , , , , , , , , , , , , , , , , , , , , , , , , , , , , , , , , , , , , , , , , , , , , , , , , , , , , , , , , , , , , , , , , , ,90, , , , ,12,210,240,210,210,12,310
2026222N15223,2026,45,EP,CP,LALA,2026-08-22 09:00:00,TS,30.3,-171.9, , , ,PROVISIONAL,1519,1519,P______________, ,CP012026,30.3,-171.8, ,HU,73,978,1,200,135,125,170,95,70,80,90,50,45,20,53,1012,260,33, , , , , , , , , , , , , , , , , , , , , , , , , , , , , , , , , , , , , , , , , , , , , , , , , , , , , , , , , , , , , , , , , , , , , , , , , , , , , , , , , , , , , , , , , , , , , , , , , , , , , , , , , , , , , , , , , , , , , , , , , , , , , , ,12,225,255,210,218,7,280
2026222N15223,2026,45,EP,CP,LALA,2026-08-22 12:00:00,TS,30.3,-172.2, , , ,PROVISIONAL,1543,1543,O______________,nhc_working_bt,CP012026,30.3,-172.2, ,HU,70,979,1,220,140,130,190,90,70,80,90,50,50,0,45,1013,270,35, , , , , , , , , , , , , , , , , , , , , , , , , , , , , , , , , , , , , , , , , , , , , , , , , , , , , , , , , , , , , , , , , , , , , , , , , , , , , , , , , , , , , , , , , , , , , , , , , , , , , , , , , , , , , , , , , , , , , , , , , ,85, , , , ,12,240,270,210,225,5,295
2026222N15223,2026,45,EP,CP,LALA,2026-08-22 15:00:00,TS,30.5,-172.4, , , ,PROVISIONAL,1572,1572,P______________, ,CP012026,30.5,-172.4, ,HU,68,980,1,210,145,130,190,90,70,75,90,50,50,0,45,1013,270,35, , , , , , , , , , , , , , , , , , , , , , , , , , , , , , , , , , , , , , , , , , , , , , , , , , , , , , , , , , , , , , , , , , , , , , , , , , , , , , , , , , , , , , , , , , , , , , , , , , , , , , , , , , , , , , , , , , , , , , , , , , , , , , ,12,255,255,195,233,6,330
2026222N15223,2026,45,EP,CP,LALA,2026-08-22 18:00:00,TS,30.8,-172.5, , , ,PROVISIONAL,1598,1598,O______________,nhc_working_bt,CP012026,30.8,-172.5, ,HU,65,981,1,200,150,130,190,90,70,70,90,50,50,0,45,1013,270,35, , , , , , , , , , , , , , , , , , , , , , , , , , , , , , , , , , , , , , , , , , , , , , , , , , , , , , , , , , , , , , , , , , , , , , , , , , , , , , , , , , , , , , , , , , , , , , , , , , , , , , , , , , , , , , , , , , , , , , , , , ,80, , , , ,12,270,240,180,240,6,345
2026222N15223,2026,45,EP,CP,LALA,2026-08-22 21:00:00,TS,31.0,-172.6, , , ,PROVISIONAL,1619,1619,P______________, ,CP012026,31.0,-172.6, ,HU,65,981,1,185,155,120,175,85,65,60,80,45,43,0,43,1013,270,35, , , , , , , , , , , , , , , , , , , , , , , , , , , , , , , , , , , , , , , , , , , , , , , , , , , , , , , , , , , , , , , , , , , , , , , , , , , , , , , , , , , , , , , , , , , , , , , , , , , , , , , , , , , , , , , , , , , , , , , , , , , , , , ,12,270,240,180,240,5,340
2026222N15223,2026,45,EP,CP,LALA,2026-08-23 00:00:00,TS,31.3,-172.7, , , ,PROVISIONAL,1646,1646,O______________,nhc_working_bt,CP012026,31.3,-172.7, ,HU,65,981,1,170,160,110,160,80,60,50,70,40,35,0,40,1013,270,35, , , , , , , , , , , , , , , , , , , , , , , , , , , , , , , , , , , , , , , , , , , , , , , , , , , , , , , , , , , , , , , , , , , , , , , , , , , , , , , , , , , , , , , , , , , , , , , , , , , , , , , , , , , , , , , , , , , , , , , , , ,80, , , , ,12,270,240,180,240,6,325
2026222N15223,2026,45,EP,CP,LALA,2026-08-23 03:00:00,TS,31.6,-173.0, , , ,PROVISIONAL,1689,1689,P______________, ,CP012026,31.6,-173.0, ,TS,63,983,0,170,160,110,160,70,55,45,65, , , , ,1013,270,35, , , , , , , , , , , , , , , , , , , , , , , , , , , , , , , , , , , , , , , , , , , , , , , , , , , , , , , , , , , , , , , , , , , , , , , , , , , , , , , , , , , , , , , , , , , , , , , , , , , , , , , , , , , , , , , , , , , , , , , , , , , , , , ,12,300,225,225,285,7,315
2026222N15223,2026,45,EP,CP,LALA,2026-08-23 06:00:00,TS,31.8,-173.3, , , ,PROVISIONAL,1725,1725,O______________,nhc_working_bt,CP012026,31.8,-173.3, ,TS,60,984,0,170,160,110,160,60,50,40,60, , , , ,1013,270,35, , , , , , , , , , , , , , , , , , , , , , , , , , , , , , , , , , , , , , , , , , , , , , , , , , , , , , , , , , , , , , , , , , , , , , , , , , , , , , , , , , , , , , , , , , , , , , , , , , , , , , , , , , , , , , , , , , , , , , , , , ,75, , , , ,12,330,210,270,330,5,300
2026222N15223,2026,45,EP,CP,LALA,2026-08-23 09:00:00,TS,31.9,-173.5, , , ,PROVISIONAL,1747,1747,P______________, ,CP012026,31.9,-173.5, ,TS,58,986,0,160,145,105,155,60,45,35,60, , , , ,1014,270,35, , , , , , , , , , , , , , , , , , , , , , , , , , , , , , , , , , , , , , , , , , , , , , , , , , , , , , , , , , , , , , , , , , , , , , , , , , , , , , , , , , , , , , , , , , , , , , , , , , , , , , , , , , , , , , , , , , , , , , , , , , , , , , ,12,330,210,285,330,4,285
2026222N15223,2026,45,EP,CP,LALA,2026-08-23 12:00:00,TS,31.9,-173.7, , , ,PROVISIONAL,1762,1762,O______________,nhc_working_bt,CP012026,31.9,-173.7, ,TS,55,988,0,150,130,100,150,60,40,30,60, , , , ,1014,270,35, , , , , , , , , , , , , , , , , , , , , , , , , , , , , , , , , , , , , , , , , , , , , , , , , , , , , , , , , , , , , , , , , , , , , , , , , , , , , , , , , , , , , , , , , , , , , , , , , , , , , , , , , , , , , , , , , , , , , , , , , ,65, , , , ,12,330,210,300,330,4,300
2026222N15223,2026,45,EP,CP,LALA,2026-08-23 15:00:00,TS,32.1,-174.0, , , ,PROVISIONAL,1798,1798,P______________, ,CP012026,32.1,-174.0, ,TS,55,988,0,150,130,100,150,60,40,35,60, , , , ,1014,270,38, , , , , , , , , , , , , , , , , , , , , , , , , , , , , , , , , , , , , , , , , , , , , , , , , , , , , , , , , , , , , , , , , , , , , , , , , , , , , , , , , , , , , , , , , , , , , , , , , , , , , , , , , , , , , , , , , , , , , , , , , , , , , , ,12,330,195,285,330,6,315
2026222N15223,2026,45,EP,CP,LALA,2026-08-23 18:00:00,TS,32.3,-174.2, , , ,PROVISIONAL,1826,1826,O______________,nhc_working_bt,CP012026,32.3,-174.2, ,TS,55,988,0,150,130,100,150,60,40,40,60, , , , ,1014,270,40, , , , , , , , , , , , , , , , , , , , , , , , , , , , , , , , , , , , , , , , , , , , , , , , , , , , , , , , , , , , , , , , , , , , , , , , , , , , , , , , , , , , , , , , , , , , , , , , , , , , , , , , , , , , , , , , , , , , , , , , , ,65, , , , ,12,330,180,270,330,7,325
2026222N15223,2026,45,EP,CP,LALA,2026-08-23 21:00:00,TS,32.6,-174.4, , , ,PROVISIONAL,1861,1861,P______________, ,CP012026,32.6,-174.4, ,TS,55,988,0,150,130,90,150,60,40,20,55, , , , ,1014,270,40, , , , , , , , , , , , , , , , , , , , , , , , , , , , , , , , , , , , , , , , , , , , , , , , , , , , , , , , , , , , , , , , , , , , , , , , , , , , , , , , , , , , , , , , , , , , , , , , , , , , , , , , , , , , , , , , , , , , , , , , , , , , , , ,12,300,180,240,315,7,335
2026222N15223,2026,45,EP,CP,LALA,2026-08-24 00:00:00,TS,32.9,-174.6, , , ,PROVISIONAL,1896,1896,O______________,nhc_working_bt,CP012026,32.9,-174.5, ,TS,55,988,0,150,130,80,150,60,40,0,50, , , , ,1014,270,40, , , , , , , , , , , , , , , , , , , , , , , , , , , , , , , , , , , , , , , , , , , , , , , , , , , , , , , , , , , , , , , , , , , , , , , , , , , , , , , , , , , , , , , , , , , , , , , , , , , , , , , , , , , , , , , , , , , , , , , , , ,65, , , , ,12,270,180,210,300,5,340
2026222N15223,2026,45,EP,CP,LALA,2026-08-24 03:00:00,TS,33.1,-174.6, , , ,PROVISIONAL,1909,1909,P______________, ,CP012026,33.0,-174.6, ,TS,55,988,0,150,125,80,140,55,40,0,50, , , , ,1014,270,35, , , , , , , , , , , , , , , , , , , , , , , , , , , , , , , , , , , , , , , , , , , , , , , , , , , , , , , , , , , , , , , , , , , , , , , , , , , , , , , , , , , , , , , , , , , , , , , , , , , , , , , , , , , , , , , , , , , , , , , , , , , , , , ,12,255,180,225,315,3,340
2026222N15223,2026,45,EP,CP,LALA,2026-08-24 06:00:00,TS,33.2,-174.7, , , ,PROVISIONAL,1923,1923,O______________,nhc_working_bt,CP012026,33.1,-174.7, ,TS,55,988,0,150,120,80,130,50,40,0,50, , , , ,1014,270,30, , , , , , , , , , , , , , , , , , , , , , , , , , , , , , , , , , , , , , , , , , , , , , , , , , , , , , , , , , , , , , , , , , , , , , , , , , , , , , , , , , , , , , , , , , , , , , , , , , , , , , , , , , , , , , , , , , , , , , , , , ,65, , , , ,12,240,180,240,330,3,305
2026222N15223,2026,45,EP,CP,LALA,2026-08-24 09:00:00,TS,33.2,-174.9, , , ,PROVISIONAL,1938,1938,P______________, ,CP012026,33.2,-174.8, ,TS,55,988,0,150,125,75,120,50,40,0,50, , , , ,1014,270,30, , , , , , , , , , , , , , , , , , , , , , , , , , , , , , , , , , , , , , , , , , , , , , , , , , , , , , , , , , , , , , , , , , , , , , , , , , , , , , , , , , , , , , , , , , , , , , , , , , , , , , , , , , , , , , , , , , , , , , , , , , , , , , ,12,240,165,225,300,4,290
2026222N15223,2026,45,EP,CP,LALA,2026-08-24 12:00:00,TS,33.3,-175.1, , , ,PROVISIONAL,1959,1959,O______________,nhc_working_bt,CP012026,33.3,-174.9, ,TS,55,988,0,150,130,70,110,50,40,0,50, , , , ,1014,270,30, , , , , , , , , , , , , , , , , , , , , , , , , , , , , , , , , , , , , , , , , , , , , , , , , , , , , , , , , , , , , , , , , , , , , , , , , , , , , , , , , , , , , , , , , , , , , , , , , , , , , , , , , , , , , , , , , , , , , , , , , ,65, , , , ,12,240,150,210,270,3,305
2026222N15223,2026,45,EP,CP,LALA,2026-08-24 15:00:00,TS,33.4,-175.1, , , ,PROVISIONAL,1966,1966,P______________, ,CP012026,33.4,-175.0, ,TS,55,988,0,145,125,70,110,50,40,15,50, , , , ,1014,270,30, , , , , , , , , , , , , , , , , , , , , , , , , , , , , , , , , , , , , , , , , , , , , , , , , , , , , , , , , , , , , , , , , , , , , , , , , , , , , , , , , , , , , , , , , , , , , , , , , , , , , , , , , , , , , , , , , , , , , , , , , , , , , , ,12,225,135,195,285,2,345
2026222N15223,2026,45,EP,CP,LALA,2026-08-24 18:00:00,TS,33.5,-175.2, , , ,PROVISIONAL,1980,1980,O______________,nhc_working_bt,CP012026,33.6,-175.1, ,TS,55,988,0,140,120,70,110,50,40,30,50, , , , ,1014,270,30, , , , , , , , , , , , , , , , , , , , , , , , , , , , , , , , , , , , , , , , , , , , , , , , , , , , , , , , , , , , , , , , , , , , , , , , , , , , , , , , , , , , , , , , , , , , , , , , , , , , , , , , , , , , , , , , , , , , , , , , , ,65, , , , ,12,210,120,180,300,4,345
2026222N15223,2026,45,EP,CP,LALA,2026-08-24 21:00:00,TS,33.8,-175.3, , , ,PROVISIONAL,2007,2007,P______________, ,CP012026,33.8,-175.2, ,TS,53,990,0,125,110,70,110,40,20,15,25, , , , ,1015,270,30, , , , , , , , , , , , , , , , , , , , , , , , , , , , , , , , , , , , , , , , , , , , , , , , , , , , , , , , , , , , , , , , , , , , , , , , , , , , , , , , , , , , , , , , , , , , , , , , , , , , , , , , , , , , , , , , , , , , , , , , , , , , , , ,12,225,120,150,285,6,340
2026222N15223,2026,45,EP,CP,LALA,2026-08-25 00:00:00,TS,34.1,-175.4, , , ,PROVISIONAL,2035,2035,O______________,nhc_working_bt,CP012026,34.1,-175.4, ,TS,50,992,0,110,100,70,110,30,0,0,0, , , , ,1015,270,30, , , , , , , , , , , , , , , , , , , , , , , , , , , , , , , , , , , , , , , , , , , , , , , , , , , , , , , , , , , , , , , , , , , , , , , , , , , , , , , , , , , , , , , , , , , , , , , , , , , , , , , , , , , , , , , , , , , , , , , , , ,60, , , , ,12,240,120,120,270,6,335
2026222N15223,2026,45,EP,CP,LALA,2026-08-25 03:00:00,TS,34.3,-175.5, , , ,PROVISIONAL,2055,2055,P______________, ,CP012026,34.3,-175.6, ,TS,50,992,0,110,100,70,110,30,0,0,0, , , , ,1015,270,30, , , , , , , , , , , , , , , , , , , , , , , , , , , , , , , , , , , , , , , , , , , , , , , , , , , , , , , , , , , , , , , , , , , , , , , , , , , , , , , , , , , , , , , , , , , , , , , , , , , , , , , , , , , , , , , , , , , , , , , , , , , , , , ,12,225,120,120,240,5,325
2026222N15223,2026,45,EP,CP,LALA,2026-08-25 06:00:00,TS,34.5,-175.7, , , ,PROVISIONAL,2083,2083,O______________,nhc_working_bt,CP012026,34.5,-175.8, ,TS,50,992,0,110,100,70,110,30,0,0,0, , , , ,1015,270,30, , , , , , , , , , , , , , , , , , , , , , , , , , , , , , , , , , , , , , , , , , , , , , , , , , , , , , , , , , , , , , , , , , , , , , , , , , , , , , , , , , , , , , , , , , , , , , , , , , , , , , , , , , , , , , , , , , , , , , , , , ,60, , , , ,12,210,120,120,210,6,310
2026222N15223,2026,45,EP,CP,LALA,2026-08-25 09:00:00,TS,34.7,-176.0, , , ,PROVISIONAL,2098,2092,P______________, ,CP012026,34.7,-176.1, ,TS,48,993,0,110,100,70,110, , , , , , , , ,1015,260,30, , , , , , , , , , , , , , , , , , , , , , , , , , , , , , , , , , , , , , , , , , , , , , , , , , , , , , , , , , , , , , , , , , , , , , , , , , , , , , , , , , , , , , , , , , , , , , , , , , , , , , , , , , , , , , , , , , , , , , , , , , , , , , ,12,210,150,135,195,6,300
2026222N15223,2026,45,EP,CP,LALA,2026-08-25 12:00:00,TS,34.8,-176.4, , , ,PROVISIONAL,2096,2092,O______________,nhc_working_bt,CP012026,34.8,-176.4, ,TS,45,994,0,110,100,70,110, , , , , , , , ,1014,250,30, , , , , , , , , , , , , , , , , , , , , , , , , , , , , , , , , , , , , , , , , , , , , , , , , , , , , , , , , , , , , , , , , , , , , , , , , , , , , , , , , , , , , , , , , , , , , , , , , , , , , , , , , , , , , , , , , , , , , , , , , ,55, , , , ,12,210,180,150,180,6,290
2026222N15223,2026,45,EP,CP,LALA,2026-08-25 15:00:00,TS,34.9,-176.7, , , ,PROVISIONAL,2092,2092,P______________, ,CP012026,34.9,-176.7, ,TS,45,994,0,110,100,70,110, , , , , , , , ,1014,250,30, , , , , , , , , , , , , , , , , , , , , , , , , , , , , , , , , , , , , , , , , , , , , , , , , , , , , , , , , , , , , , , , , , , , , , , , , , , , , , , , , , , , , , , , , , , , , , , , , , , , , , , , , , , , , , , , , , , , , , , , , , , , , , ,12,210,180,150,180,5,280
2026222N15223,2026,45,EP,CP,LALA,2026-08-25 18:00:00,TS,34.9,-177.0, , , ,PROVISIONAL,2099,2093,O______________,nhc_working_bt,CP012026,34.9,-177.0, ,TS,45,994,0,110,100,70,110, , , , , , , , ,1014,250,30, , , , , , , , , , , , , , , , , , , , , , , , , , , , , , , , , , , , , , , , , , , , , , , , , , , , , , , , , , , , , , , , , , , , , , , , , , , , , , , , , , , , , , , , , , , , , , , , , , , , , , , , , , , , , , , , , , , , , , , , , ,55, , , , ,12,210,180,150,180,4,285
2026222N15223,2026,45,EP,CP,LALA,2026-08-25 21:00:00,TS,35.0,-177.2, , , ,PROVISIONAL,2093,2087,P______________, ,CP012026,34.9,-177.2, ,TS,45,995,0,115,95,35,105, , , , , , , , ,1015,275,35, , , , , , , , , , , , , , , , , , , , , , , , , , , , , , , , , , , , , , , , , , , , , , , , , , , , , , , , , , , , , , , , , , , , , , , , , , , , , , , , , , , , , , , , , , , , , , , , , , , , , , , , , , , , , , , , , , , , , , , , , , , , , , ,12,210,180,150,180,3,300
2026222N15223,2026,45,EP,CP,LALA,2026-08-26 00:00:00,TS,35.1,-177.4, , , ,PROVISIONAL,2087,2079,O______________,nhc_working_bt,CP012026,35.0,-177.3, ,TS,45,995,0,120,90,0,100, , , , , , , , ,1015,300,40, , , , , , , , , , , , , , , , , , , , , , , , , , , , , , , , , , , , , , , , , , , , , , , , , , , , , , , , , , , , , , , , , , , , , , , , , , , , , , , , , , , , , , , , , , , , , , , , , , , , , , , , , , , , , , , , , , , , , , , , , ,55, , , , ,12,210,180,150,180,3,310
2026222N15223,2026,45,EP,CP,LALA,2026-08-26 03:00:00,TS,35.2,-177.5, , , ,PROVISIONAL,2079,2071,P______________, ,CP012026,35.1,-177.4, ,TS,43,996,0,110,90,0,90, , , , , , , , ,1015,300,40, , , , , , , , , , , , , , , , , , , , , , , , , , , , , , , , , , , , , , , , , , , , , , , , , , , , , , , , , , , , , , , , , , , , , , , , , , , , , , , , , , , , , , , , , , , , , , , , , , , , , , , , , , , , , , , , , , , , , , , , , , , , , , ,12,195,150,120,180,3,320
2026222N15223,2026,45,EP,CP,LALA,2026-08-26 06:00:00,TS,35.3,-177.6, , , ,PROVISIONAL,2071,2063,O______________,nhc_working_bt,CP012026,35.3,-177.6, ,TS,40,997,0,100,90,0,80, , , , , , , , ,1015,300,40, , , , , , , , , , , , , , , , , , , , , , , , , , , , , , , , , , , , , , , , , , , , , , , , , , , , , , , , , , , , , , , , , , , , , , , , , , , , , , , , , , , , , , , , , , , , , , , , , , , , , , , , , , , , , , , , , , , , , , , , , ,50, , , , ,12,180,120,90,180,3,320
2026222N15223,2026,45,EP,CP,LALA,2026-08-26 09:00:00,TS,35.4,-177.7, , , ,PROVISIONAL,2063,2047,P______________, ,CP012026,35.4,-177.8, ,TS,40,997,0,100,90,0,75, , , , , , , , ,1016,275,40, , , , , , , , , , , , , , , , , , , , , , , , , , , , , , , , , , , , , , , , , , , , , , , , , , , , , , , , , , , , , , , , , , , , , , , , , , , , , , , , , , , , , , , , , , , , , , , , , , , , , , , , , , , , , , , , , , , , , , , , , , , , , , ,12,173,105,105,180,4,320
2026222N15223,2026,45,EP,CP,LALA,2026-08-26 12:00:00,TS,35.6,-177.9, , , ,PROVISIONAL,2047,2039,O______________,nhc_working_bt,CP012026,35.6,-177.9, ,TS,40,997,0,100,90,0,70, , , , , , , , ,1016,250,40, , , , , , , , , , , , , , , , , , , , , , , , , , , , , , , , , , , , , , , , , , , , , , , , , , , , , , , , , , , , , , , , , , , , , , , , , , , , , , , , , , , , , , , , , , , , , , , , , , , , , , , , , , , , , , , , , , , , , , , , , ,50, , , , ,12,165,90,120,180,4,320
2026222N15223,2026,45,EP,CP,LALA,2026-08-26 15:00:00,TS,35.8,-178.1, , , ,PROVISIONAL,2031,2023,P______________, ,CP012026,35.8,-178.1, ,TS,40,998,0,100,90,0,70, , , , , , , , ,1016,245,40, , , , , , , , , , , , , , , , , , , , , , , , , , , , , , , , , , , , , , , , , , , , , , , , , , , , , , , , , , , , , , , , , , , , , , , , , , , , , , , , , , , , , , , , , , , , , , , , , , , , , , , , , , , , , , , , , , , , , , , , , , , , , , , , , , , ,4,320
2026222N15223,2026,45,EP,CP,LALA,2026-08-26 18:00:00,TS,35.9,-178.2, , , ,PROVISIONAL,2023,2016,O______________,nhc_working_bt,CP012026,35.9,-178.2, ,TS,40,999,0,100,90,0,70, , , , , , , , ,1016,240,40, , , , , , , , , , , , , , , , , , , , , , , , , , , , , , , , , , , , , , , , , , , , , , , , , , , , , , , , , , , , , , , , , , , , , , , , , , , , , , , , , , , , , , , , , , , , , , , , , , , , , , , , , , , , , , , , , , , , , , , , , ,50, , , , , , , , , ,4,325
2026222N15223,2026,45,EP,CP,LALA,2026-08-26 21:00:00,TS,36.0,-178.3, , , ,PROVISIONAL,2016,1997,P______________, ,CP012026,36.0,-178.3, ,TS,40,999,0,105,90,0,70, , , , , , , , ,1016,235,43, , , , , , , , , , , , , , , , , , , , , , , , , , , , , , , , , , , , , , , , , , , , , , , , , , , , , , , , , , , , , , , , , , , , , , , , , , , , , , , , , , , , , , , , , , , , , , , , , , , , , , , , , , , , , , , , , , , , , , , , , , , , , , , , , , , ,3,330
2026222N15223,2026,45,EP,CP,LALA,2026-08-27 00:00:00,TS,36.2,-178.4, , , ,PROVISIONAL,1997,1976,O______________,nhc_working_bt,CP012026,36.2,-178.4, ,TS,40,999,0,110,90,0,70, , , , , , , , ,1016,230,45, , , , , , , , , , , , , , , , , , , , , , , , , , , , , , , , , , , , , , , , , , , , , , , , , , , , , , , , , , , , , , , , , , , , , , , , , , , , , , , , , , , , , , , , , , , , , , , , , , , , , , , , , , , , , , , , , , , , , , , , , ,50, , , , ,12,160,80,70,170,4,350
2026222N15223,2026,45,EP,CP,LALA,2026-08-27 03:00:00,TS,36.4,-178.4, , , ,PROVISIONAL,1966,1945,P______________, ,CP012026,36.4,-178.4, ,TS,40,999,0,110,90,0,65, , , , , , , , ,1013,205,43, , , , , , , , , , , , , , , , , , , , , , , , , , , , , , , , , , , , , , , , , , , , , , , , , , , , , , , , , , , , , , , , , , , , , , , , , , , , , , , , , , , , , , , , , , , , , , , , , , , , , , , , , , , , , , , , , , , , , , , , , , , , , , ,12,150,100,80,160,5,0
2026222N15223,2026,45,EP,CP,LALA,2026-08-27 06:00:00,TS,36.7,-178.4, , , ,PROVISIONAL,1945,1924,O______________,nhc_working_bt,CP012026,36.7,-178.4, ,TS,40,999,0,110,90,0,60, , , , , , , , ,1010,180,40, , , , , , , , , , , , , , , , , , , , , , , , , , , , , , , , , , , , , , , , , , , , , , , , , , , , , , , , , , , , , , , , , , , , , , , , , , , , , , , , , , , , , , , , , , , , , , , , , , , , , , , , , , , , , , , , , , , , , , , , , ,50, , , , ,12,140,120,90,150,4,0
2026222N15223,2026,45,EP,CP,LALA,2026-08-27 09:00:00,TS,36.9,-178.4, , , ,PROVISIONAL,1924,1916,P______________, ,CP012026,36.9,-178.4, ,TS,40,999,0,110,90,0,60, , , , , , , , ,1010,180,40, , , , , , , , , , , , , , , , , , , , , , , , , , , , , , , , , , , , , , , , , , , , , , , , , , , , , , , , , , , , , , , , , , , , , , , , , , , , , , , , , , , , , , , , , , , , , , , , , , , , , , , , , , , , , , , , , , , , , , , , , , , , , , ,12,140,120,90,145,3,340
2026222N15223,2026,45,EP,CP,LALA,2026-08-27 12:00:00,TS,37.0,-178.5, , , ,PROVISIONAL,1916,1909,O______________,nhc_working_bt,CP012026,37.0,-178.5, ,TS,40,999,0,110,90,0,60, , , , , , , , ,1010,180,40, , , , , , , , , , , , , , , , , , , , , , , , , , , , , , , , , , , , , , , , , , , , , , , , , , , , , , , , , , , , , , , , , , , , , , , , , , , , , , , , , , , , , , , , , , , , , , , , , , , , , , , , , , , , , , , , , , , , , , , , , ,50, , , , ,12,140,120,90,140,3,325
2026222N15223,2026,45,EP,CP,LALA,2026-08-27 15:00:00,TS,37.1,-178.6, , , ,PROVISIONAL,1909,1894,P______________, ,CP012026,37.1,-178.6, ,TS,40,1000,0,110,90,0,60, , , , , , , , ,1010,180,40, , , , , , , , , , , , , , , , , , , , , , , , , , , , , , , , , , , , , , , , , , , , , , , , , , , , , , , , , , , , , , , , , , , , , , , , , , , , , , , , , , , , , , , , , , , , , , , , , , , , , , , , , , , , , , , , , , , , , , , , , , , , , , ,12,135,120, ,115,4,320
2026222N15223,2026,45,EP,CP,LALA,2026-08-27 18:00:00,TS,37.3,-178.8, , , ,PROVISIONAL,1894,1876,O______________,nhc_working_bt,CP012026,37.3,-178.8, ,TS,40,1000,0,110,90,0,60, , , , , , , , ,1010,180,40, , , , , , , , , , , , , , , , , , , , , , , , , , , , , , , , , , , , , , , , , , , , , , , , , , , , , , , , , , , , , , , , , , , , , , , , , , , , , , , , , , , , , , , , , , , , , , , , , , , , , , , , , , , , , , , , , , , , , , , , , ,50, , , , ,12,130,120, ,90,4,330
2026222N15223,2026,45,EP,CP,LALA,2026-08-27 21:00:00,TS,37.5,-178.9, , , ,PROVISIONAL,1876,1859,P______________, ,CP012026,37.5,-178.9, ,TS,38,1001,0,105,85,0,70, , , , , , , , ,1013,180,60, , , , , , , , , , , , , , , , , , , , , , , , , , , , , , , , , , , , , , , , , , , , , , , , , , , , , , , , , , , , , , , , , , , , , , , , , , , , , , , , , , , , , , , , , , , , , , , , , , , , , , , , , , , , , , , , , , , , , , , , , , , , , , ,12,130,120, ,90,4,340
2026222N15223,2026,45,EP,CP,LALA,2026-08-28 00:00:00,TS,37.7,-179.0, , , ,PROVISIONAL,1859,1838,O______________,nhc_working_bt,CP012026,37.7,-179.0, ,TS,35,1002,0,100,80,0,80, , , , , , , , ,1016,180,80, , , , , , , , , , , , , , , , , , , , , , , , , , , , , , , , , , , , , , , , , , , , , , , , , , , , , , , , , , , , , , , , , , , , , , , , , , , , , , , , , , , , , , , , , , , , , , , , , , , , , , , , , , , , , , , , , , , , , , , , , ,45, , , , ,12,130,120, ,90,4,345
2026222N15223,2026,45,EP,CP,LALA,2026-08-28 03:00:00,TS,37.9,-179.1, , , ,PROVISIONAL,1841,1820,P______________, ,CP012026,37.9,-179.1, ,TS,35,1003,0,100,80,0,80, , , , , , , , ,1016,180,80, , , , , , , , , , , , , , , , , , , , , , , , , , , , , , , , , , , , , , , , , , , , , , , , , , , , , , , , , , , , , , , , , , , , , , , , , , , , , , , , , , , , , , , , , , , , , , , , , , , , , , , , , , , , , , , , , , , , , , , , , , , , , , , , , , , ,4,350
2026222N15223,2026,45,EP,CP,LALA,2026-08-28 06:00:00,DS,38.1,-179.1, , , ,PROVISIONAL,1820, ,O______________,nhc_working_bt,CP012026,38.1,-179.1, ,LO,35,1003,-3,100,80,0,80, , , , , , , , ,1016,180,80, , , , , , , , , , , , , , , , , , , , , , , , , , , , , , , , , , , , , , , , , , , , , , , , , , , , , , , , , , , , , , , , , , , , , , , , , , , , , , , , , , , , , , , , , , , , , , , , , , , , , , , , , , , , , , , , , , , , , , , , , ,45, , , , , , , , , ,4,350
2026231N08155,2026,50,WP,MM,SAUDEL,2026-08-18 12:00:00,NR,7.9,154.9, , , ,PROVISIONAL,1268,1268,O______________,tcvitals,WP172026,7.9,154.9, , ,25,1006,-1, , , , , , , , , , , , ,1010,150,50, , , , , , , , , , , , , , , , , , , , , , , , , , , , , , , , , , , , , , , , , , , , , , , , , , , , , , , , , , , , , , , , , , , , , , , , , , , , , , , , , , , , , , , , , , , , , , , , , , , , , , , , , , , , , , , , , , , , , , , , , , , , , , , , , , , ,6,335
2026231N08155,2026,50,WP,MM,SAUDEL,2026-08-18 15:00:00,NR,8.2,154.8, , , ,PROVISIONAL,1295,1292,P______________, ,WP172026,8.2,154.8, , ,25,1006,-1, , , , , , , , , , , , ,1010,150,50, , , , , , , , , , , , , , , , , , , , , , , , , , , , , , , , , , , , , , , , , , , , , , , , , , , , , , , , , , , , , , , , , , , , , , , , , , , , , , , , , , , , , , , , , , , , , , , , , , , , , , , , , , , , , , , , , , , , , , , , , , , , , , , , , , , ,5,325
2026231N08155,2026,50,WP,MM,SAUDEL,2026-08-18 18:00:00,NR,8.3,154.6, , , ,PROVISIONAL,1299,1281,O______________,tcvitals,WP172026,8.3,154.6, , ,25,1005,-1, , , , , , , , , , , , ,1010,150,50, , , , , , , , , , , , , , , , , , , , , , , , , , , , , , , , , , , , , , , , , , , , , , , , , , , , , , , , , , , , , , , , , , , , , , , , , , , , , , , , , , , , , , , , , , , , , , , , , , , , , , , , , , , , , , , , , , , , , , , , , , , , , , , , , , , ,4,265
2026231N08155,2026,50,WP,MM,SAUDEL,2026-08-18 21:00:00,NR,8.1,154.4, , , ,PROVISIONAL,1271,1253,P______________, ,WP172026,8.1,154.4, , ,27,1004,-1, , , , , , , , , , , , ,1009,150,50, , , , , , , , , , , , , , , , , , , , , , , , , , , , , , , , , , , , , , , , , , , , , , , , , , , , , , , , , , , , , , , , , , , , , , , , , , , , , , , , , , , , , , , , , , , , , , , , , , , , , , , , , , , , , , , , , , , , , , , , , , , , , , , , , , , ,5,235
2026231N08155,2026,50,WP,MM,SAUDEL,2026-08-19 00:00:00,NR,8.0,154.2, , , ,PROVISIONAL,1253,1253,O______________,tcvitals,WP172026,8.0,154.2, , ,29,1003,-1, , , , , , , , , , , , ,1008,150,50, , , , , , , , , , , , , , , , , , , , , , , , , , , , , , , , , , , , , , , , , , , , , , , , , , , , , , , , , , , , , , , , , , , , , , , , , , , , , , , , , , , , , , , , , , , , , , , , , , , , , , , , , , , , , , , , , , , , , , , , , , , , , , , , , , , ,2,275
2026231N08155,2026,50,WP,MM,SAUDEL,2026-08-19 03:00:00,NR,8.2,154.1, , , ,PROVISIONAL,1272,1272,P______________, ,WP172026,8.2,154.1, , ,32,1001,-1, , , , , , , , , , , , ,1007,145,40, , , , , , , , , , , , , , , , , , , , , , , , , , , , , , , , , , , , , , , , , , , , , , , , , , , , , , , , , , , , , , , , , , , , , , , , , , , , , , , , , , , , , , , , , , , , , , , , , , , , , , , , , , , , , , , , , , , , , , , , , , , , , , , , , , , ,5,350
2026231N08155,2026,50,WP,MM,SAUDEL,2026-08-19 06:00:00,NR,8.5,154.1, , , ,PROVISIONAL,1304,1304,O______________,tcvitals,WP172026,8.5,154.1, , ,35,999,0, , , , , , , , , , , , ,1006,140,30, , , , , , , , , , , , , , , , , , , , , , , , , , , , , , , , , , , , , , , , , , , , , , , , , , , , , , , , , , , , , , , , , , , , , , , , , , , , , , , , , , , , , , , , , , , , , , , , , , , , , , , , , , , , , , , , , , , , , , , , , , , , , , , , , , , ,8,345
2026231N08155,2026,50,WP,MM,SAUDEL,2026-08-19 09:00:00,NR,8.9,154.0, , , ,PROVISIONAL,1344,1341,P______________, ,WP172026,8.9,154.0, , ,35,1000,0, , , , , , , , , , , , ,1007,140,30, , , , , , , , , , , , , , , , , , , , , , , , , , , , , , , , , , , , , , , , , , , , , , , , , , , , , , , , , , , , , , , , , , , , , , , , , , , , , , , , , , , , , , , , , , , , , , , , , , , , , , , , , , , , , , , , , , , , , , , , , , , , , , , , , , , ,10,335
2026231N08155,2026,50,WP,MM,SAUDEL,2026-08-19 12:00:00,NR,9.4,153.7, , , ,PROVISIONAL,1390,1390,O______________,tcvitals,WP172026,9.4,153.7, , ,35,1000,0, , , , , , , , , , , , ,1008,140,30, , , , , , , , , , , , , , , , , , , , , , , , , , , , , , , , , , , , , , , , , , , , , , , , , , , , , , , , , , , , , , , , , , , , , , , , , , , , , , , , , , , , , , , , , , , , , , , , , , , , , , , , , , , , , , , , , , , , , , , , , , , , , , , , , , , ,12,330
2026231N08155,2026,50,WP,MM,SAUDEL,2026-08-19 15:00:00,NR,9.9,153.3, , , ,PROVISIONAL,1436,1436,P______________, ,WP172026,9.9,153.3, , ,35,1000,0, , , , , , , , , , , , ,1007,145,30, , , , , , , , , , , , , , , , , , , , , , , , , , , , , , , , , , , , , , , , , , , , , , , , , , , , , , , , , , , , , , , , , , , , , , , , , , , , , , , , , , , , , , , , , , , , , , , , , , , , , , , , , , , , , , , , , , , , , , , , , , , , , , , , , , , ,14,320
2026231N08155,2026,50,WP,MM,SAUDEL,2026-08-19 18:00:00,NR,10.5,152.8, , , ,PROVISIONAL,1493,1493,O______________,tcvitals,WP172026,10.5,152.8, , ,35,1000,0, , , , , , , , , , , , ,1006,150,30, , , , , , , , , , , , , , , , , , , , , , , , , , , , , , , , , , , , , , , , , , , , , , , , , , , , , , , , , , , , , , , , , , , , , , , , , , , , , , , , , , , , , , , , , , , , , , , , , , , , , , , , , , , , , , , , , , , , , , , , , , , , , , , , , , , ,15,315
2026231N08155,2026,50,WP,MM,SAUDEL,2026-08-19 21:00:00,NR,11.0,152.2, , , ,PROVISIONAL,1541,1540,P______________, ,WP172026,11.0,152.2, , ,35,1000,0, , , , , , , , , , , , ,1007,175,30, , , , , , , , , , , , , , , , , , , , , , , , , , , , , , , , , , , , , , , , , , , , , , , , , , , , , , , , , , , , , , , , , , , , , , , , , , , , , , , , , , , , , , , , , , , , , , , , , , , , , , , , , , , , , , , , , , , , , , , , , , , , , , , , , , , ,15,305
2026231N08155,2026,50,WP,MM,SAUDEL,2026-08-20 00:00:00,NR,11.4,151.6, , , ,PROVISIONAL,1581,1579,O______________,tcvitals,WP172026,11.4,151.6, , ,35,999,0,70,80,80,60, , , , , , , , ,1008,200,30, , , , , , , , , , , , , , , , , , , , , , , , , , , , , , , , , , , , , , , , , , , , , , , , , , , , , , , , , , , , , , , , , , , , , , , , , , , , , , , , , , , , , , , , , , , , , , , , , , , , , , , , , , , , , , , , , , , , , , , , , , , , , , , , , , , ,12,305
2026231N08155,2026,50,WP,MM,SAUDEL,2026-08-20 03:00:00,NR,11.6,151.2, , , ,PROVISIONAL,1591,1591,P______________, ,WP172026,11.6,151.2, , ,35,998,0, , , , , , , , , , , , ,1007,200,30, , , , , , , , , , , , , , , , , , , , , , , , , , , , , , , , , , , , , , , , , , , , , , , , , , , , , , , , , , , , , , , , , , , , , , , , , , , , , , , , , , , , , , , , , , , , , , , , , , , , , , , , , , , , , , , , , , , , , , , , , , , , , , , , , , , ,9,305
2026231N08155,2026,50,WP,MM,SAUDEL,2026-08-20 06:00:00,NR,11.9,150.9, , , ,PROVISIONAL,1615,1615,O______________,tcvitals,WP172026,11.9,150.9, , ,35,997,0, , , , , , , , , , , , ,1006,200,30, , , , , , , , , , , , , , , , , , , , , , , , , , , , , , , , , , , , , , , , , , , , , , , , , , , , , , , , , , , , , , , , , , , , , , , , , , , , , , , , , , , , , , , , , , , , , , , , , , , , , , , , , , , , , , , , , , , , , , , , , , , , , , , , , , , ,9,315
2026231N08155,2026,50,WP,MM,SAUDEL,2026-08-20 09:00:00,NR,12.3,150.5, , , ,PROVISIONAL,1649,1649,P______________, ,WP172026,12.3,150.5, , ,37,997,0, , , , , , , , , , , , ,1006,158,30, , , , , , , , , , , , , , , , , , , , , , , , , , , , , , , , , , , , , , , , , , , , , , , , , , , , , , , , , , , , , , , , , , , , , , , , , , , , , , , , , , , , , , , , , , , , , , , , , , , , , , , , , , , , , , , , , , , , , , , , , , , , , , , , , , , ,11,325
2026231N08155,2026,50,WP,MM,SAUDEL,2026-08-20 12:00:00,NR,12.8,150.2, , , ,PROVISIONAL,1697,1697,O______________,tcvitals,WP172026,12.8,150.2, , ,39,996,0, , , , , , , , , , , , ,1006,115,30, , , , , , , , , , , , , , , , , , , , , , , , , , , , , , , , , , , , , , , , , , , , , , , , , , , , , , , , , , , , , , , , , , , , , , , , , , , , , , , , , , , , , , , , , , , , , , , , , , , , , , , , , , , , , , , , , , , , , , , , , , , , , , , , , , , ,11,325
2026231N08155,2026,50,WP,MM,SAUDEL,2026-08-20 15:00:00,NR,13.2,149.9, , , ,PROVISIONAL,1736,1736,P______________, ,WP172026,13.2,149.9, , ,39,996,0, , , , , , , , , , , , ,1006,143,30, , , , , , , , , , , , , , , , , , , , , , , , , , , , , , , , , , , , , , , , , , , , , , , , , , , , , , , , , , , , , , , , , , , , , , , , , , , , , , , , , , , , , , , , , , , , , , , , , , , , , , , , , , , , , , , , , , , , , , , , , , , , , , , , , , , ,11,325
2026231N08155,2026,50,WP,MM,SAUDEL,2026-08-20 18:00:00,NR,13.7,149.6, , , ,PROVISIONAL,1786,1786,O______________,tcvitals,WP172026,13.7,149.6, , ,39,995,0, , , , , , , , , , , , ,1005,170,30, , , , , , , , , , , , , , , , , , , , , , , , , , , , , , , , , , , , , , , , , , , , , , , , , , , , , , , , , , , , , , , , , , , , , , , , , , , , , , , , , , , , , , , , , , , , , , , , , , , , , , , , , , , , , , , , , , , , , , , , , , , , , , , , , , , ,12,330
2026231N08155,2026,50,WP,MM,SAUDEL,2026-08-20 21:00:00,NR,14.3,149.3, , , ,PROVISIONAL,1849,1848,P______________, ,WP172026,14.3,149.3, , ,42,995,0, , , , , , , , , , , , ,1006,165,30, , , , , , , , , , , , , , , , , , , , , , , , , , , , , , , , , , , , , , , , , , , , , , , , , , , , , , , , , , , , , , , , , , , , , , , , , , , , , , , , , , , , , , , , , , , , , , , , , , , , , , , , , , , , , , , , , , , , , , , , , , , , , , , , , , , ,12,330
2026231N08155,2026,50,WP,MM,SAUDEL,2026-08-21 00:00:00,NR,14.7,149.0, , , ,PROVISIONAL,1890,1889,O______________,tcvitals,WP172026,14.7,149.0, , ,45,994,0,40,85,85,40, , , , , , , , ,1007,160,30, , , , , , , , , , , , , , , , , , , , , , , , , , , , , , , , , , , , , , , , , , , , , , , , , , , , , , , , , , , , , , , , , , , , , , , , , , , , , , , , , , , , , , , , , , , , , , , , , , , , , , , , , , , , , , , , , , , , , , , , , , , , , , , , , , , ,8,315
2026231N08155,2026,50,WP,MM,SAUDEL,2026-08-21 03:00:00,NR,14.8,148.7, , , ,PROVISIONAL,1898,1897,P______________, ,WP172026,14.8,148.7, , ,53,991,0,70,98,103,40, , , , , , , , ,1006,160,28, , , , , , , , , , , , , , , , , , , , , , , , , , , , , , , , , , , , , , , , , , , , , , , , , , , , , , , , , , , , , , , , , , , , , , , , , , , , , , , , , , , , , , , , , , , , , , , , , , , , , , , , , , , , , , , , , , , , , , , , , , , , , , , , , , , ,5,290
2026231N08155,2026,50,WP,MM,SAUDEL,2026-08-21 06:00:00,NR,14.9,148.5, , , ,PROVISIONAL,1908,1908,O______________,tcvitals,WP172026,14.9,148.5, , ,60,987,0,100,110,120,40, , , , , , , , ,1005,160,25, , , , , , , , , , , , , , , , , , , , , , , , , , , , , , , , , , , , , , , , , , , , , , , , , , , , , , , , , , , , , , , , , , , , , , , , , , , , , , , , , , , , , , , , , , , , , , , , , , , , , , , , , , , , , , , , , , , , , , , , , , , , , , , , , , , ,7,325
2026231N08155,2026,50,WP,MM,SAUDEL,2026-08-21 09:00:00,NR,15.4,148.3, , , ,PROVISIONAL,1962,1962,P______________, ,WP172026,15.4,148.3, , ,65,985,1,105,115,115,50, , , , , , , , ,1006,160,23, , , , , , , , , , , , , , , , , , , , , , , , , , , , , , , , , , , , , , , , , , , , , , , , , , , , , , , , , , , , , , , , , , , , , , , , , , , , , , , , , , , , , , , , , , , , , , , , , , , , , , , , , , , , , , , , , , , , , , , , , , , , , , , , , , , ,12,340
2026231N08155,2026,50,WP,MM,SAUDEL,2026-08-21 12:00:00,NR,16.0,148.1, , , ,PROVISIONAL,2029,2029,O______________,tcvitals,WP172026,16.0,148.1, , ,70,983,1,110,120,110,60, , , , , , , , ,1007,160,20, , , , , , , , , , , , , , , , , , , , , , , , , , , , , , , , , , , , , , , , , , , , , , , , , , , , , , , , , , , , , , , , , , , , , , , , , , , , , , , , , , , , , , , , , , , , , , , , , , , , , , , , , , , , , , , , , , , , , , , , , , , , , , , , , , , ,13,335
2026231N08155,2026,50,WP,MM,SAUDEL,2026-08-21 15:00:00,NR,16.6,147.7, , , ,PROVISIONAL,2094,2094,P______________, ,WP172026,16.6,147.7, , ,75,979,1,115,125,93,90, , , , , , , , ,1007,175,20, , , , , , , , , , , , , , , , , , , , , , , , , , , , , , , , , , , , , , , , , , , , , , , , , , , , , , , , , , , , , , , , , , , , , , , , , , , , , , , , , , , , , , , , , , , , , , , , , , , , , , , , , , , , , , , , , , , , , , , , , , , , , , , , , , , ,13,325
2026231N08155,2026,50,WP,MM,SAUDEL,2026-08-21 18:00:00,NR,17.1,147.3, , , ,PROVISIONAL,2119,2063,O______________,tcvitals,WP172026,17.1,147.3, , ,80,975,1,120,130,75,120, , , , , , , , ,1006,190,20, , , , , , , , , , , , , , , , , , , , , , , , , , , , , , , , , , , , , , , , , , , , , , , , , , , , , , , , , , , , , , , , , , , , , , , , , , , , , , , , , , , , , , , , , , , , , , , , , , , , , , , , , , , , , , , , , , , , , , , , , , , , , , , , , , , ,13,320
2026231N08155,2026,50,WP,MM,SAUDEL,2026-08-21 21:00:00,NR,17.5,146.9, , , ,PROVISIONAL,2063,2007,P______________, ,WP172026,17.5,146.9, , ,82,974,1,130,130,93,120, , , , , , , , ,1007,205,18, , , , , , , , , , , , , , , , , , , , , , , , , , , , , , , , , , , , , , , , , , , , , , , , , , , , , , , , , , , , , , , , , , , , , , , , , , , , , , , , , , , , , , , , , , , , , , , , , , , , , , , , , , , , , , , , , , , , , , , , , , , , , , , , , , , ,11,315
2026231N08155,2026,50,WP,MM,SAUDEL,2026-08-22 00:00:00,NR,17.9,146.5, , , ,PROVISIONAL,2007,1966,O______________,tcvitals,WP172026,17.9,146.5, , ,84,973,2,140,130,110,120, , , , , , , , ,1008,220,15, , , , , , , , , , , , , , , , , , , , , , , , , , , , , , , , , , , , , , , , , , , , , , , , , , , , , , , , , , , , , , , , , , , , , , , , , , , , , , , , , , , , , , , , , , , , , , , , , , , , , , , , , , , , , , , , , , , , , , , , , , , , , , , , , , , ,10,315
2026231N08155,2026,50,WP,MM,SAUDEL,2026-08-22 03:00:00,NR,18.2,146.2, , , ,PROVISIONAL,1966,1911,P______________, ,WP172026,18.2,146.2, , ,89,968,2,135,120,100,115, , , , , , , , ,1007,215,15, , , , , , , , , , , , , , , , , , , , , , , , , , , , , , , , , , , , , , , , , , , , , , , , , , , , , , , , , , , , , , , , , , , , , , , , , , , , , , , , , , , , , , , , , , , , , , , , , , , , , , , , , , , , , , , , , , , , , , , , , , , , , , , , , , , ,10,315
2026231N08155,2026,50,WP,MM,SAUDEL,2026-08-22 06:00:00,NR,18.6,145.8, , , ,PROVISIONAL,1911,1845,O______________,tcvitals,WP172026,18.6,145.8, , ,93,963,2,130,110,90,110, , , , , , , , ,1006,210,15, , , , , , , , , , , , , , , , , , , , , , , , , , , , , , , , , , , , , , , , , , , , , , , , , , , , , , , , , , , , , , , , , , , , , , , , , , , , , , , , , , , , , , , , , , , , , , , , , , , , , , , , , , , , , , , , , , , , , , , , , , , , , , , , , , , ,12,320
2026231N08155,2026,50,WP,MM,SAUDEL,2026-08-22 09:00:00,NR,19.1,145.3, , , ,PROVISIONAL,1842,1774,P______________, ,WP172026,19.1,145.3, , ,99,960,3,135,115,95,115, , , , , , , , ,1007,220,15, , , , , , , , , , , , , , , , , , , , , , , , , , , , , , , , , , , , , , , , , , , , , , , , , , , , , , , , , , , , , , , , , , , , , , , , , , , , , , , , , , , , , , , , , , , , , , , , , , , , , , , , , , , , , , , , , , , , , , , , , , , , , , , , , , , ,14,315
2026231N08155,2026,50,WP,MM,SAUDEL,2026-08-22 12:00:00,NR,19.6,144.8, , , ,PROVISIONAL,1774,1716,O______________,tcvitals,WP172026,19.6,144.8, , ,105,956,3,140,120,100,120, , , , , , , , ,1008,230,15, , , , , , , , , , , , , , , , , , , , , , , , , , , , , , , , , , , , , , , , , , , , , , , , , , , , , , , , , , , , , , , , , , , , , , , , , , , , , , , , , , , , , , , , , , , , , , , , , , , , , , , , , , , , , , , , , , , , , , , , , , , , , , , , , , , ,14,310
2026231N08155,2026,50,WP,MM,SAUDEL,2026-08-22 15:00:00,NR,20.0,144.2, , , ,PROVISIONAL,1711,1643,P______________, ,WP172026,20.0,144.2, , ,110,956,3,140,120,100,120, , , , , , , , ,1006,203,14, , , , , , , , , , , , , , , , , , , , , , , , , , , , , , , , , , , , , , , , , , , , , , , , , , , , , , , , , , , , , , , , , , , , , , , , , , , , , , , , , , , , , , , , , , , , , , , , , , , , , , , , , , , , , , , , , , , , , , , , , , , , , , , , , , , ,14,305
2026231N08155,2026,50,WP,MM,SAUDEL,2026-08-22 18:00:00,NR,20.4,143.6, , , ,PROVISIONAL,1643,1585,O______________,tcvitals,WP172026,20.4,143.6, , ,115,956,4,140,120,100,120, , , , , , , , ,1004,175,12, , , , , , , , , , , , , , , , , , , , , , , , , , , , , , , , , , , , , , , , , , , , , , , , , , , , , , , , , , , , , , , , , , , , , , , , , , , , , , , , , , , , , , , , , , , , , , , , , , , , , , , , , , , , , , , , , , , , , , , , , , , , , , , , , , , ,14,300
2026231N08155,2026,50,WP,MM,SAUDEL,2026-08-22 21:00:00,NR,20.7,143.0, , , ,PROVISIONAL,1585,1525,P______________, ,WP172026,20.7,143.0, , ,112,953,3,140,125,100,120, , , , , , , , ,1005,178,9, , , , , , , , , , , , , , , , , , , , , , , , , , , , , , , , , , , , , , , , , , , , , , , , , , , , , , , , , , , , , , , , , , , , , , , , , , , , , , , , , , , , , , , , , , , , , , , , , , , , , , , , , , , , , , , , , , , , , , , , , , , , , , , , , , , ,14,295
2026231N08155,2026,50,WP,MM,SAUDEL,2026-08-23 00:00:00,NR,21.0,142.3, , , ,PROVISIONAL,1525,1460,O______________,tcvitals,WP172026,21.0,142.3, , ,109,950,3,140,130,100,120, , , , , , , , ,1006,180,5, , , , , , , , , , , , , , , , , , , , , , , , , , , , , , , , , , , , , , , , , , , , , , , , , , , , , , , , , , , , , , , , , , , , , , , , , , , , , , , , , , , , , , , , , , , , , , , , , , , , , , , , , , , , , , , , , , , , , , , , , , , , , , , , , , , ,15,300
2026231N08155,2026,50,WP,MM,SAUDEL,2026-08-23 03:00:00,NR,21.4,141.6, , , ,PROVISIONAL,1456,1378,P______________, ,WP172026,21.4,141.6, , ,109,950,3,145,130,105,130, , , , , , , , ,1006,200,9, , , , , , , , , , , , , , , , , , , , , , , , , , , , , , , , , , , , , , , , , , , , , , , , , , , , , , , , , , , , , , , , , , , , , , , , , , , , , , , , , , , , , , , , , , , , , , , , , , , , , , , , , , , , , , , , , , , , , , , , , , , , , , , , , , , ,16,305
2026231N08155,2026,50,WP,MM,SAUDEL,2026-08-23 06:00:00,NR,21.9,140.9, , , ,PROVISIONAL,1378,1312,O______________,tcvitals,WP172026,21.9,140.9, , ,109,949,3,150,130,110,140, , , , , , , , ,1006,220,12, , , , , , , , , , , , , , , , , , , , , , , , , , , , , , , , , , , , , , , , , , , , , , , , , , , , , , , , , , , , , , , , , , , , , , , , , , , , , , , , , , , , , , , , , , , , , , , , , , , , , , , , , , , , , , , , , , , , , , , , , , , , , , , , , , , ,16,300
2026231N08155,2026,50,WP,MM,SAUDEL,2026-08-23 09:00:00,NR,22.3,140.2, , , ,PROVISIONAL,1312,1256,P______________, ,WP172026,22.3,140.2, , ,109,949,3,160,140,115,145, , , , , , , , ,1006,220,12, , , , , , , , , , , , , , , , , , , , , , , , , , , , , , , , , , , , , , , , , , , , , , , , , , , , , , , , , , , , , , , , , , , , , , , , , , , , , , , , , , , , , , , , , , , , , , , , , , , , , , , , , , , , , , , , , , , , , , , , , , , , , , , , , , , ,16,295
2026231N08155,2026,50,WP,MM,SAUDEL,2026-08-23 12:00:00,NR,22.6,139.4, , , ,PROVISIONAL,1256,1191,O______________,tcvitals,WP172026,22.6,139.4, , ,109,949,3,170,150,120,150, , , , , , , , ,1006,220,12, , , , , , , , , , , , , , , , , , , , , , , , , , , , , , , , , , , , , , , , , , , , , , , , , , , , , , , , , , , , , , , , , , , , , , , , , , , , , , , , , , , , , , , , , , , , , , , , , , , , , , , , , , , , , , , , , , , , , , , , , , , , , , , , , , , ,15,295
2026231N08155,2026,50,WP,MM,SAUDEL,2026-08-23 15:00:00,NR,22.9,138.7, , , ,PROVISIONAL,1191,1117,P______________, ,WP172026,22.9,138.7, , ,109,947,3,170,150,120,150, , , , , , , , ,1005,235,12, , , , , , , , , , , , , , , , , , , , , , , , , , , , , , , , , , , , , , , , , , , , , , , , , , , , , , , , , , , , , , , , , , , , , , , , , , , , , , , , , , , , , , , , , , , , , , , , , , , , , , , , , , , , , , , , , , , , , , , , , , , , , , , , , , , ,15,295
2026231N08155,2026,50,WP,MM,SAUDEL,2026-08-23 18:00:00,NR,23.2,137.9, , , ,PROVISIONAL,1117,1050,O______________,tcvitals,WP172026,23.2,137.9, , ,109,945,3,170,150,120,150, , , , , , , , ,1004,250,12, , , , , , , , , , , , , , , , , , , , , , , , , , , , , , , , , , , , , , , , , , , , , , , , , , , , , , , , , , , , , , , , , , , , , , , , , , , , , , , , , , , , , , , , , , , , , , , , , , , , , , , , , , , , , , , , , , , , , , , , , , , , , , , , , , , ,16,295
2026231N08155,2026,50,WP,MM,SAUDEL,2026-08-23 21:00:00,NR,23.5,137.1, , , ,PROVISIONAL,1045,965,P______________, ,WP172026,23.5,137.1, , ,109,945,3,170,150,120,150, , , , , , , , ,1004,250,9, , , , , , , , , , , , , , , , , , , , , , , , , , , , , , , , , , , , , , , , , , , , , , , , , , , , , , , , , , , , , , , , , , , , , , , , , , , , , , , , , , , , , , , , , , , , , , , , , , , , , , , , , , , , , , , , , , , , , , , , , , , , , , , , , , , ,16,295
2026231N08155,2026,50,WP,MM,SAUDEL,2026-08-24 00:00:00,NR,23.9,136.3, , , ,PROVISIONAL,965,894,O______________,tcvitals,WP172026,23.9,136.3, , ,109,944,3,170,150,120,150, , , , , , , , ,1004,250,5, , , , , , , , , , , , , , , , , , , , , , , , , , , , , , , , , , , , , , , , , , , , , , , , , , , , , , , , , , , , , , , , , , , , , , , , , , , , , , , , , , , , , , , , , , , , , , , , , , , , , , , , , , , , , , , , , , , , , , , , , , , , , , , , , , , ,16,295
2026231N08155,2026,50,WP,MM,SAUDEL,2026-08-24 03:00:00,NR,24.2,135.5, , , ,PROVISIONAL,894,825,P______________, ,WP172026,24.2,135.5, , ,107,946,3,175,155,130,160, , , , , , , , ,1005,250,9, , , , , , , , , , , , , , , , , , , , , , , , , , , , , , , , , , , , , , , , , , , , , , , , , , , , , , , , , , , , , , , , , , , , , , , , , , , , , , , , , , , , , , , , , , , , , , , , , , , , , , , , , , , , , , , , , , , , , , , , , , , , , , , , , , , ,16,290
2026231N08155,2026,50,WP,MM,SAUDEL,2026-08-24 06:00:00,NR,24.5,134.7, , , ,PROVISIONAL,825,778,O______________,tcvitals,WP172026,24.5,134.7, , ,105,947,3,180,160,140,170, , , , , , , , ,1005,250,12, , , , , , , , , , , , , , , , , , , , , , , , , , , , , , , , , , , , , , , , , , , , , , , , , , , , , , , , , , , , , , , , , , , , , , , , , , , , , , , , , , , , , , , , , , , , , , , , , , , , , , , , , , , , , , , , , , , , , , , , , , , , , , , , , , , ,14,290
2026231N08155,2026,50,WP,MM,SAUDEL,2026-08-24 09:00:00,NR,24.7,134.1, , , ,PROVISIONAL,778,734,P______________, ,WP172026,24.7,134.1, , ,102,951,3,180,155,135,160, , , , , , , , ,1006,260,14, , , , , , , , , , , , , , , , , , , , , , , , , , , , , , , , , , , , , , , , , , , , , , , , , , , , , , , , , , , , , , , , , , , , , , , , , , , , , , , , , , , , , , , , , , , , , , , , , , , , , , , , , , , , , , , , , , , , , , , , , , , , , , , , , , , ,12,290
2026231N08155,2026,50,WP,MM,SAUDEL,2026-08-24 12:00:00,NR,24.9,133.5, , , ,PROVISIONAL,734,682,O______________,tcvitals,WP172026,24.9,133.5, , ,99,954,3,180,150,130,150, , , , , , , , ,1007,270,15, , , , , , , , , , , , , , , , , , , , , , , , , , , , , , , , , , , , , , , , , , , , , , , , , , , , , , , , , , , , , , , , , , , , , , , , , , , , , , , , , , , , , , , , , , , , , , , , , , , , , , , , , , , , , , , , , , , , , , , , , , , , , , , , , , , ,12,300
2026231N08155,2026,50,WP,MM,SAUDEL,2026-08-24 15:00:00,NR,25.2,132.9, , , ,PROVISIONAL,682,622,P______________, ,WP172026,25.2,132.9, , ,96,956,3,173,150,130,150, , , , , , , , ,1007,270,15, , , , , , , , , , , , , , , , , , , , , , , , , , , , , , , , , , , , , , , , , , , , , , , , , , , , , , , , , , , , , , , , , , , , , , , , , , , , , , , , , , , , , , , , , , , , , , , , , , , , , , , , , , , , , , , , , , , , , , , , , , , , , , , , , , , ,13,305
2026231N08155,2026,50,WP,MM,SAUDEL,2026-08-24 18:00:00,NR,25.6,132.3, , , ,PROVISIONAL,622,588,O______________,tcvitals,WP172026,25.6,132.3, , ,93,957,2,165,150,130,150, , , , , , , , ,1007,270,15, , , , , , , , , , , , , , , , , , , , , , , , , , , , , , , , , , , , , , , , , , , , , , , , , , , , , , , , , , , , , , , , , , , , , , , , , , , , , , , , , , , , , , , , , , , , , , , , , , , , , , , , , , , , , , , , , , , , , , , , , , , , , , , , , , , ,12,295
2026231N08155,2026,50,WP,MM,SAUDEL,2026-08-24 21:00:00,NR,25.8,131.7, , , ,PROVISIONAL,588,559,P______________, ,WP172026,25.8,131.7, , ,91,959,2,165,150,130,150, , , , , , , , ,1007,270,15, , , , , , , , , , , , , , , , , , , , , , , , , , , , , , , , , , , , , , , , , , , , , , , , , , , , , , , , , , , , , , , , , , , , , , , , , , , , , , , , , , , , , , , , , , , , , , , , , , , , , , , , , , , , , , , , , , , , , , , , , , , , , , , , , , , ,12,290
2026231N08155,2026,50,WP,MM,SAUDEL,2026-08-25 00:00:00,NR,26.0,131.1, , , ,PROVISIONAL,559,513,O______________,tcvitals,WP172026,26.0,131.1, , ,89,961,2,165,150,130,150, , , , , , , , ,1007,270,15, , , , , , , , , , , , , , , , , , , , , , , , , , , , , , , , , , , , , , , , , , , , , , , , , , , , , , , , , , , , , , , , , , , , , , , , , , , , , , , , , , , , , , , , , , , , , , , , , , , , , , , , , , , , , , , , , , , , , , , , , , , , , , , , , , , ,12,300
2026231N08155,2026,50,WP,MM,SAUDEL,2026-08-25 03:00:00,NR,26.4,130.6, , , ,PROVISIONAL,513,471,P______________, ,WP172026,26.4,130.6, , ,85,963,2,165,143,128,150, , , , , , , , ,1006,240,15, , , , , , , , , , , , , , , , , , , , , , , , , , , , , , , , , , , , , , , , , , , , , , , , , , , , , , , , , , , , , , , , , , , , , , , , , , , , , , , , , , , , , , , , , , , , , , , , , , , , , , , , , , , , , , , , , , , , , , , , , , , , , , , , , , , ,12,310
2026231N08155,2026,50,WP,MM,SAUDEL,2026-08-25 06:00:00,NR,26.8,130.1, , , ,PROVISIONAL,472,454,O______________,tcvitals,WP172026,26.8,130.1, , ,80,965,1,165,135,125,150, , , , , , , , ,1004,210,15, , , , , , , , , , , , , , , , , , , , , , , , , , , , , , , , , , , , , , , , , , , , , , , , , , , , , , , , , , , , , , , , , , , , , , , , , , , , , , , , , , , , , , , , , , , , , , , , , , , , , , , , , , , , , , , , , , , , , , , , , , , , , , , , , , , ,11,305
2026231N08155,2026,50,WP,MM,SAUDEL,2026-08-25 09:00:00,NR,27.0,129.5, , , ,PROVISIONAL,461,448,P______________, ,WP172026,27.0,129.5, , ,82,964,1,155,118,113,143, , , , , , , , ,1005,215,15, , , , , , , , , , , , , , , , , , , , , , , , , , , , , , , , , , , , , , , , , , , , , , , , , , , , , , , , , , , , , , , , , , , , , , , , , , , , , , , , , , , , , , , , , , , , , , , , , , , , , , , , , , , , , , , , , , , , , , , , , , , , , , , , , , , ,11,290
2026231N08155,2026,50,WP,MM,SAUDEL,2026-08-25 12:00:00,NR,27.2,129.0, , , ,PROVISIONAL,455,452,O______________,tcvitals,WP172026,27.2,129.0, , ,84,963,2,145,100,100,135, , , , , , , , ,1006,220,15, , , , , , , , , , , , , , , , , , , , , , , , , , , , , , , , , , , , , , , , , , , , , , , , , , , , , , , , , , , , , , , , , , , , , , , , , , , , , , , , , , , , , , , , , , , , , , , , , , , , , , , , , , , , , , , , , , , , , , , , , , , , , , , , , , , ,10,290
2026231N08155,2026,50,WP,MM,SAUDEL,2026-08-25 15:00:00,NR,27.4,128.5, , , ,PROVISIONAL,454,454,P______________, ,WP172026,27.4,128.5, , ,82,965,1,158,110,110,143, , , , , , , , ,1006,220,15, , , , , , , , , , , , , , , , , , , , , , , , , , , , , , , , , , , , , , , , , , , , , , , , , , , , , , , , , , , , , , , , , , , , , , , , , , , , , , , , , , , , , , , , , , , , , , , , , , , , , , , , , , , , , , , , , , , , , , , , , , , , , , , , , , , ,9,290
2026231N08155,2026,50,WP,MM,SAUDEL,2026-08-25 18:00:00,NR,27.5,128.1, , , ,PROVISIONAL,460,459,O______________,tcvitals,WP172026,27.5,128.1, , ,80,966,1,170,120,120,150, , , , , , , , ,1006,220,15, , , , , , , , , , , , , , , , , , , , , , , , , , , , , , , , , , , , , , , , , , , , , , , , , , , , , , , , , , , , , , , , , , , , , , , , , , , , , , , , , , , , , , , , , , , , , , , , , , , , , , , , , , , , , , , , , , , , , , , , , , , , , , , , , , , ,8,290
2026231N08155,2026,50,WP,MM,SAUDEL,2026-08-25 21:00:00,NR,27.6,127.7, , , ,PROVISIONAL,468,464,P______________, ,WP172026,27.6,127.7, , ,77,968,1,170,120,120,150, , , , , , , , ,1006,220,15, , , , , , , , , , , , , , , , , , , , , , , , , , , , , , , , , , , , , , , , , , , , , , , , , , , , , , , , , , , , , , , , , , , , , , , , , , , , , , , , , , , , , , , , , , , , , , , , , , , , , , , , , , , , , , , , , , , , , , , , , , , , , , , , , , , ,8,295
2026231N08155,2026,50,WP,MM,SAUDEL,2026-08-26 00:00:00,NR,27.8,127.3, , , ,PROVISIONAL,471,468,O______________,tcvitals,WP172026,27.8,127.3, , ,74,970,1,170,120,120,150, , , , , , , , ,1006,220,15, , , , , , , , , , , , , , , , , , , , , , , , , , , , , , , , , , , , , , , , , , , , , , , , , , , , , , , , , , , , , , , , , , , , , , , , , , , , , , , , , , , , , , , , , , , , , , , , , , , , , , , , , , , , , , , , , , , , , , , , , , , , , , , , , , , ,8,300
2026231N08155,2026,50,WP,MM,SAUDEL,2026-08-26 03:00:00,NR,28.1,126.9, , , ,PROVISIONAL,470,449,P______________, ,WP172026,28.1,126.9, , ,79,965,1,175,125,113,150, , , , , , , , ,1005,240,20, , , , , , , , , , , , , , , , , , , , , , , , , , , , , , , , , , , , , , , , , , , , , , , , , , , , , , , , , , , , , , , , , , , , , , , , , , , , , , , , , , , , , , , , , , , , , , , , , , , , , , , , , , , , , , , , , , , , , , , , , , , , , , , , , , , ,9,305
2026231N08155,2026,50,WP,MM,SAUDEL,2026-08-26 06:00:00,NR,28.3,126.5, , , ,PROVISIONAL,449,415,O______________,tcvitals,WP172026,28.3,126.5, , ,84,960,2,180,130,105,150, , , , , , , , ,1004,260,25, , , , , , , , , , , , , , , , , , , , , , , , , , , , , , , , , , , , , , , , , , , , , , , , , , , , , , , , , , , , , , , , , , , , , , , , , , , , , , , , , , , , , , , , , , , , , , , , , , , , , , , , , , , , , , , , , , , , , , , , , , , , , , , , , , , ,8,305
2026231N08155,2026,50,WP,MM,SAUDEL,2026-08-26 09:00:00,NR,28.5,126.2, , , ,PROVISIONAL,415,385,P______________, ,WP172026,28.5,126.2, , ,82,962,1,180,123,103,150, , , , , , , , ,1004,245,23, , , , , , , , , , , , , , , , , , , , , , , , , , , , , , , , , , , , , , , , , , , , , , , , , , , , , , , , , , , , , , , , , , , , , , , , , , , , , , , , , , , , , , , , , , , , , , , , , , , , , , , , , , , , , , , , , , , , , , , , , , , , , , , , , , , ,6,300
2026231N08155,2026,50,WP,MM,SAUDEL,2026-08-26 12:00:00,NR,28.6,125.9, , , ,PROVISIONAL,385,356,O______________,tcvitals,WP172026,28.6,125.9, , ,80,963,1,180,115,100,150, , , , , , , , ,1004,230,20, , , , , , , , , , , , , , , , , , , , , , , , , , , , , , , , , , , , , , , , , , , , , , , , , , , , , , , , , , , , , , , , , , , , , , , , , , , , , , , , , , , , , , , , , , , , , , , , , , , , , , , , , , , , , , , , , , , , , , , , , , , , , , , , , , , ,5,285
2026231N08155,2026,50,WP,MM,SAUDEL,2026-08-26 15:00:00,NR,28.6,125.6, , , ,PROVISIONAL,356,327,P______________, ,WP172026,28.6,125.6, , ,77,964,1,180,115,100,150, , , , , , , , ,1003,223,20, , , , , , , , , , , , , , , , , , , , , , , , , , , , , , , , , , , , , , , , , , , , , , , , , , , , , , , , , , , , , , , , , , , , , , , , , , , , , , , , , , , , , , , , , , , , , , , , , , , , , , , , , , , , , , , , , , , , , , , , , , , , , , , , , , , ,5,270
2026231N08155,2026,50,WP,MM,SAUDEL,2026-08-26 18:00:00,NR,28.6,125.3, , , ,PROVISIONAL,327,308,O______________,tcvitals,WP172026,28.6,125.3, , ,74,965,1,180,115,100,150, , , , , , , , ,1002,215,20, , , , , , , , , , , , , , , , , , , , , , , , , , , , , , , , , , , , , , , , , , , , , , , , , , , , , , , , , , , , , , , , , , , , , , , , , , , , , , , , , , , , , , , , , , , , , , , , , , , , , , , , , , , , , , , , , , , , , , , , , , , , , , , , , , , ,4,260
2026231N08155,2026,50,WP,MM,SAUDEL,2026-08-26 21:00:00,NR,28.6,125.1, , , ,PROVISIONAL,308,292,P______________, ,WP172026,28.6,125.1, , ,74,966,1,168,125,110,148, , , , , , , , ,1003,223,19, , , , , , , , , , , , , , , , , , , , , , , , , , , , , , , , , , , , , , , , , , , , , , , , , , , , , , , , , , , , , , , , , , , , , , , , , , , , , , , , , , , , , , , , , , , , , , , , , , , , , , , , , , , , , , , , , , , , , , , , , , , , , , , , , , , ,4,255
2026231N08155,2026,50,WP,MM,SAUDEL,2026-08-27 00:00:00,NR,28.5,124.9, , , ,PROVISIONAL,292,264,O______________,tcvitals,WP172026,28.5,124.9, , ,74,966,1,155,135,120,145, , , , , , , , ,1004,230,17, , , , , , , , , , , , , , , , , , , , , , , , , , , , , , , , , , , , , , , , , , , , , , , , , , , , , , , , , , , , , , , , , , , , , , , , , , , , , , , , , , , , , , , , , , , , , , , , , , , , , , , , , , , , , , , , , , , , , , , , , , , , , , , , , , , ,5,260
2026231N08155,2026,50,WP,MM,SAUDEL,2026-08-27 03:00:00,NR,28.5,124.6, , , ,PROVISIONAL,264,231,P______________, ,WP172026,28.5,124.6, , ,77,964,1,145,133,133,145, , , , , , , , ,1004,245,21, , , , , , , , , , , , , , , , , , , , , , , , , , , , , , , , , , , , , , , , , , , , , , , , , , , , , , , , , , , , , , , , , , , , , , , , , , , , , , , , , , , , , , , , , , , , , , , , , , , , , , , , , , , , , , , , , , , , , , , , , , , , , , , , , , , ,6,260
2026231N08155,2026,50,WP,MM,SAUDEL,2026-08-27 06:00:00,NR,28.4,124.2, , , ,PROVISIONAL,231,210,O______________,tcvitals,WP172026,28.4,124.2, , ,80,962,1,135,130,145,145, , , , , , , , ,1003,260,25, , , , , , , , , , , , , , , , , , , , , , , , , , , , , , , , , , , , , , , , , , , , , , , , , , , , , , , , , , , , , , , , , , , , , , , , , , , , , , , , , , , , , , , , , , , , , , , , , , , , , , , , , , , , , , , , , , , , , , , , , , , , , , , , , , , ,6,255
2026231N08155,2026,50,WP,MM,SAUDEL,2026-08-27 09:00:00,NR,28.3,123.9, , , ,PROVISIONAL,210,183,P______________, ,WP172026,28.3,123.9, , ,77,964,1,128,120,133,128, , , , , , , , ,1003,255,23, , , , , , , , , , , , , , , , , , , , , , , , , , , , , , , , , , , , , , , , , , , , , , , , , , , , , , , , , , , , , , , , , , , , , , , , , , , , , , , , , , , , , , , , , , , , , , , , , , , , , , , , , , , , , , , , , , , , , , , , , , , , , , , , , , , ,6,250
2026231N08155,2026,50,WP,MM,SAUDEL,2026-08-27 12:00:00,NR,28.2,123.5, , , ,PROVISIONAL,183,148,O______________,tcvitals,WP172026,28.2,123.5, , ,74,965,1,120,110,120,110, , , , , , , , ,1002,250,20, , , , , , , , , , , , , , , , , , , , , , , , , , , , , , , , , , , , , , , , , , , , , , , , , , , , , , , , , , , , , , , , , , , , , , , , , , , , , , , , , , , , , , , , , , , , , , , , , , , , , , , , , , , , , , , , , , , , , , , , , , , , , , , , , , , ,7,255
2026231N08155,2026,50,WP,MM,SAUDEL,2026-08-27 15:00:00,NR,28.1,123.1, , , ,PROVISIONAL,148,100,P______________, ,WP172026,28.1,123.1, , ,72,967,1,123,105,120,123, , , , , , , , ,1001,240,20, , , , , , , , , , , , , , , , , , , , , , , , , , , , , , , , , , , , , , , , , , , , , , , , , , , , , , , , , , , , , , , , , , , , , , , , , , , , , , , , , , , , , , , , , , , , , , , , , , , , , , , , , , , , , , , , , , , , , , , , , , , , , , , , , , , ,8,265
2026231N08155,2026,50,WP,MM,SAUDEL,2026-08-27 18:00:00,NR,28.1,122.6, , , ,PROVISIONAL,100,36,O______________,tcvitals,WP172026,28.1,122.6, , ,70,968,1,125,100,120,135, , , , , , , , ,1000,230,20, , , , , , , , , , , , , , , , , , , , , , , , , , , , , , , , , , , , , , , , , , , , , , , , , , , , , , , , , , , , , , , , , , , , , , , , , , , , , , , , , , , , , , , , , , , , , , , , , , , , , , , , , , , , , , , , , , , , , , , , , , , , , , , , , , , ,11,270
2026231N08155,2026,50,WP,MM,SAUDEL,2026-08-27 21:00:00,NR,28.1,121.9, , , ,PROVISIONAL,36,0,P______________, ,WP172026,28.1,121.9, , ,61,975,0,125,100,120,135, , , , , , , , ,1000,220,20, , , , , , , , , , , , , , , , , , , , , , , , , , , , , , , , , , , , , , , , , , , , , , , , , , , , , , , , , , , , , , , , , , , , , , , , , , , , , , , , , , , , , , , , , , , , , , , , , , , , , , , , , , , , , , , , , , , , , , , , , , , , , , , , , , , ,14,270
2026231N08155,2026,50,WP,MM,SAUDEL,2026-08-28 00:00:00,NR,28.1,121.0, , , ,PROVISIONAL,0, ,O______________,tcvitals,WP172026,28.1,121.0, , ,51,982,0,125,100,120,135, , , , , , , , ,999,210,20, , , , , , , , , , , , , , , , , , , , , , , , , , , , , , , , , , , , , , , , , , , , , , , , , , , , , , , , , , , , , , , , , , , , , , , , , , , , , , , , , , , , , , , , , , , , , , , , , , , , , , , , , , , , , , , , , , , , , , , , , , , , , , , , , , , ,15,270
2026236N11344,2026,56,NA,NA,DOLLY,2026-08-24 00:00:00,DS,11.0,-16.4, , , ,PROVISIONAL,89,89,O______________,nhc_working_bt,AL042026,11.0,-16.4, ,DB,15, ,-3, , , , , , , , , , , , , , , , , , , , , , , , , , , , , , , , , , , , , , , , , , , , , , , , , , , , , , , , , , , , , , , , , , , , , , , , , , , , , , , , , , , , , , , , , , , , , , , , , , , , , , , , , , , , , , , , , , , , , , , , , , , , , , , , , , , , , , , , , , , , , , , , , , ,7,270
2026236N11344,2026,56,NA,NA,DOLLY,2026-08-24 03:00:00,DS,11.0,-16.8, , , ,PROVISIONAL,109,109,P______________, ,AL042026,11.0,-16.8, ,DB,15, ,-3, , , , , , , , , , , , , , , , , , , , , , , , , , , , , , , , , , , , , , , , , , , , , , , , , , , , , , , , , , , , , , , , , , , , , , , , , , , , , , , , , , , , , , , , , , , , , , , , , , , , , , , , , , , , , , , , , , , , , , , , , , , , , , , , , , , , , , , , , , , , , , , , , , ,7,270
2026236N11344,2026,56,NA,NA,DOLLY,2026-08-24 06:00:00,DS,11.0,-17.1, , , ,PROVISIONAL,141,141,O______________,nhc_working_bt,AL042026,11.0,-17.1, ,DB,15, ,-3, , , , , , , , , , , , , , , , , , , , , , , , , , , , , , , , , , , , , , , , , , , , , , , , , , , , , , , , , , , , , , , , , , , , , , , , , , , , , , , , , , , , , , , , , , , , , , , , , , , , , , , , , , , , , , , , , , , , , , , , , , , , , , , , , , , , , , , , , , , , , , , , , , ,7,270
2026236N11344,2026,56,NA,NA,DOLLY,2026-08-24 09:00:00,DS,11.0,-17.4, , , ,PROVISIONAL,164,164,P______________, ,AL042026,11.0,-17.4, ,DB,15, ,-3, , , , , , , , , , , , , , , , , , , , , , , , , , , , , , , , , , , , , , , , , , , , , , , , , , , , , , , , , , , , , , , , , , , , , , , , , , , , , , , , , , , , , , , , , , , , , , , , , , , , , , , , , , , , , , , , , , , , , , , , , , , , , , , , , , , , , , , , , , , , , , , , , , ,7,270
2026236N11344,2026,56,NA,NA,DOLLY,2026-08-24 12:00:00,DS,11.0,-17.8, , , ,PROVISIONAL,190,190,O______________,nhc_working_bt,AL042026,11.0,-17.8, ,DB,15, ,-3, , , , , , , , , , , , , , , , , , , , , , , , , , , , , , , , , , , , , , , , , , , , , , , , , , , , , , , , , , , , , , , , , , , , , , , , , , , , , , , , , , , , , , , , , , , , , , , , , , , , , , , , , , , , , , , , , , , , , , , , , , , , , , , , , , , , , , , , , , , , , , , , , , ,7,270
2026236N11344,2026,56,NA,NA,DOLLY,2026-08-24 15:00:00,DS,11.0,-18.1, , , ,PROVISIONAL,211,211,P______________, ,AL042026,11.0,-18.1, ,DB,18, ,-3, , , , , , , , , , , , , , , , , , , , , , , , , , , , , , , , , , , , , , , , , , , , , , , , , , , , , , , , , , , , , , , , , , , , , , , , , , , , , , , , , , , , , , , , , , , , , , , , , , , , , , , , , , , , , , , , , , , , , , , , , , , , , , , , , , , , , , , , , , , , , , , , , , ,7,270
2026236N11344,2026,56,NA,NA,DOLLY,2026-08-24 18:00:00,DS,11.0,-18.5, , , ,PROVISIONAL,242,242,O______________,nhc_working_bt,AL042026,11.0,-18.5, ,DB,20,1010,-3, , , , , , , , , , , , ,1011,150,90, , , , , , , , , , , , , , , , , , , , , , , , , , , , , , , , , , , , , , , , , , , , , , , , , , , , , , , , , , , , , , , , , , , , , , , , , , , , , , , , , , , , , , , , , , , , , , , , , , , , , , , , , , , , , , , , , , , , , , , , , , , , , , , , , , , ,7,275
2026236N11344,2026,56,NA,NA,DOLLY,2026-08-24 21:00:00,DS,11.1,-18.9, , , ,PROVISIONAL,271,271,P______________, ,AL042026,11.1,-18.9, ,DB,20,1010,-3, , , , , , , , , , , , ,1011,150,90, , , , , , , , , , , , , , , , , , , , , , , , , , , , , , , , , , , , , , , , , , , , , , , , , , , , , , , , , , , , , , , , , , , , , , , , , , , , , , , , , , , , , , , , , , , , , , , , , , , , , , , , , , , , , , , , , , , , , , , , , , , , , , , , , , , ,8,285
2026236N11344,2026,56,NA,NA,DOLLY,2026-08-25 00:00:00,DS,11.2,-19.3, , , ,PROVISIONAL,303,303,O______________,nhc_working_bt,AL042026,11.2,-19.3, ,DB,20,1010,-3, , , , , , , , , , , , ,1011,150,90, , , , , , , , , , , , , , , , , , , , , , , , , , , , , , , , , , , , , , , , , , , , , , , , , , , , , , , , , , , , , , , , , , , , , , , , , , , , , , , , , , , , , , , , , , , , , , , , , , , , , , , , , , , , , , , , , , , , , , , , , , , , , , , , , , , ,11,290
2026236N11344,2026,56,NA,NA,DOLLY,2026-08-25 03:00:00,DS,11.5,-19.9, , , ,PROVISIONAL,352,352,P______________, ,AL042026,11.5,-19.9, ,DB,23,1010,-3, , , , , , , , , , , , ,1011,160,90, , , , , , , , , , , , , , , , , , , , , , , , , , , , , , , , , , , , , , , , , , , , , , , , , , , , , , , , , , , , , , , , , , , , , , , , , , , , , , , , , , , , , , , , , , , , , , , , , , , , , , , , , , , , , , , , , , , , , , , , , , , , , , , , , , , ,14,295
2026236N11344,2026,56,NA,NA,DOLLY,2026-08-25 06:00:00,DS,11.8,-20.6, , , ,PROVISIONAL,418,418,O______________,nhc_working_bt,AL042026,11.8,-20.6, ,DB,25,1010,-3, , , , , , , , , , , , ,1011,170,90, , , , , , , , , , , , , , , , , , , , , , , , , , , , , , , , , , , , , , , , , , , , , , , , , , , , , , , , , , , , , , , , , , , , , , , , , , , , , , , , , , , , , , , , , , , , , , , , , , , , , , , , , , , , , , , , , , , , , , , , , , , , , , , , , , , ,15,295
2026236N11344,2026,56,NA,NA,DOLLY,2026-08-25 09:00:00,DS,12.0,-21.3, , , ,PROVISIONAL,491,490,P______________, ,AL042026,12.0,-21.3, ,DB,25,1010,-3, , , , , , , , , , , , ,1011,170,90, , , , , , , , , , , , , , , , , , , , , , , , , , , , , , , , , , , , , , , , , , , , , , , , , , , , , , , , , , , , , , , , , , , , , , , , , , , , , , , , , , , , , , , , , , , , , , , , , , , , , , , , , , , , , , , , , , , , , , , , , , , , , , , , , , , ,15,290
2026236N11344,2026,56,NA,NA,DOLLY,2026-08-25 12:00:00,DS,12.3,-22.0, , , ,PROVISIONAL,556,556,O______________,nhc_working_bt,AL042026,12.3,-22.0, ,DB,25,1009,-3, , , , , , , , , , , , ,1011,170,90, , , , , , , , , , , , , , , , , , , , , , , , , , , , , , , , , , , , , , , , , , , , , , , , , , , , , , , , , , , , , , , , , , , , , , , , , , , , , , , , , , , , , , , , , , , , , , , , , , , , , , , , , , , , , , , , , , , , , , , , , , , , , , , , , , , ,16,290
2026236N11344,2026,56,NA,NA,DOLLY,2026-08-25 15:00:00,DS,12.6,-22.8, , , ,PROVISIONAL,619,619,P______________, ,AL042026,12.6,-22.8, ,DB,25,1009,-3, , , , , , , , , , , , ,1011,170,90, , , , , , , , , , , , , , , , , , , , , , , , , , , , , , , , , , , , , , , , , , , , , , , , , , , , , , , , , , , , , , , , , , , , , , , , , , , , , , , , , , , , , , , , , , , , , , , , , , , , , , , , , , , , , , , , , , , , , , , , , , , , , , , , , , , ,17,290
2026236N11344,2026,56,NA,NA,DOLLY,2026-08-25 18:00:00,DS,12.9,-23.6, , , ,PROVISIONAL,689,689,O______________,nhc_working_bt,AL042026,12.9,-23.6, ,DB,25,1009,-3, , , , , , , , , , , , ,1011,170,90, , , , , , , , , , , , , , , , , , , , , , , , , , , , , , , , , , , , , , , , , , , , , , , , , , , , , , , , , , , , , , , , , , , , , , , , , , , , , , , , , , , , , , , , , , , , , , , , , , , , , , , , , , , , , , , , , , , , , , , , , , , , , , , , , , , ,14,295
2026236N11344,2026,56,NA,NA,DOLLY,2026-08-25 21:00:00,DS,13.1,-24.1, , , ,PROVISIONAL,734,734,P______________, ,AL042026,13.1,-24.1, ,DB,25,1010,-3, , , , , , , , , , , , ,1012,170,100, , , , , , , , , , , , , , , , , , , , , , , , , , , , , , , , , , , , , , , , , , , , , , , , , , , , , , , , , , , , , , , , , , , , , , , , , , , , , , , , , , , , , , , , , , , , , , , , , , , , , , , , , , , , , , , , , , , , , , , , , , , , , , , , , , , ,11,290
2026236N11344,2026,56,NA,NA,DOLLY,2026-08-26 00:00:00,DS,13.3,-24.7, , , ,PROVISIONAL,792,792,O______________,nhc_working_bt,AL042026,13.3,-24.7, ,DB,25,1010,-3, , , , , , , , , , , , ,1012,170,110, , , , , , , , , , , , , , , , , , , , , , , , , , , , , , , , , , , , , , , , , , , , , , , , , , , , , , , , , , , , , , , , , , , , , , , , , , , , , , , , , , , , , , , , , , , , , , , , , , , , , , , , , , , , , , , , , , , , , , , , , , , , , , , , , , , ,16,280
2026236N11344,2026,56,NA,NA,DOLLY,2026-08-26 03:00:00,DS,13.4,-25.7, , , ,PROVISIONAL,896,896,P______________, ,AL042026,13.4,-25.7, ,DB,28,1009,-3, , , , , , , , , , , , ,1012,185,110, , , , , , , , , , , , , , , , , , , , , , , , , , , , , , , , , , , , , , , , , , , , , , , , , , , , , , , , , , , , , , , , , , , , , , , , , , , , , , , , , , , , , , , , , , , , , , , , , , , , , , , , , , , , , , , , , , , , , , , , , , , , , , , , , , , ,22,275
2026236N11344,2026,56,NA,NA,DOLLY,2026-08-26 06:00:00,DS,13.5,-26.9, , , ,PROVISIONAL,1023,1023,O______________,nhc_working_bt,AL042026,13.5,-26.9, ,DB,30,1008,-3, , , , , , , , , , , , ,1012,200,110, , , , , , , , , , , , , , , , , , , , , , , , , , , , , , , , , , , , , , , , , , , , , , , , , , , , , , , , , , , , , , , , , , , , , , , , , , , , , , , , , , , , , , , , , , , , , , , , , , , , , , , , , , , , , , , , , , , , , , , , , , , , , , , , , , , ,22,275
2026236N11344,2026,56,NA,NA,DOLLY,2026-08-26 09:00:00,DS,13.5,-28.0, , , ,PROVISIONAL,1140,1140,P______________, ,AL042026,13.5,-28.0, ,DB,30,1009,-3, , , , , , , , , , , , ,1013,210,105, , , , , , , , , , , , , , , , , , , , , , , , , , , , , , , , , , , , , , , , , , , , , , , , , , , , , , , , , , , , , , , , , , , , , , , , , , , , , , , , , , , , , , , , , , , , , , , , , , , , , , , , , , , , , , , , , , , , , , , , , , , , , , , , , , , ,20,270
2026236N11344,2026,56,NA,NA,DOLLY,2026-08-26 12:00:00,DS,13.5,-29.0, , , ,PROVISIONAL,1247,1247,O______________,nhc_working_bt,AL042026,13.5,-29.0, ,DB,30,1009,-3, , , , , , , , , , , , ,1014,220,100, , , , , , , , , , , , , , , , , , , , , , , , , , , , , , , , , , , , , , , , , , , , , , , , , , , , , , , , , , , , , , , , , , , , , , , , , , , , , , , , , , , , , , , , , , , , , , , , , , , , , , , , , , , , , , , , , , , , , , , , , , , , , , , , , , , ,20,265
2026236N11344,2026,56,NA,NA,DOLLY,2026-08-26 15:00:00,DS,13.3,-30.0, , , ,PROVISIONAL,1358,1358,P______________, ,AL042026,13.3,-30.0, ,DB,30,1008,-3, , , , , , , , , , , , ,1013,210,105, , , , , , , , , , , , , , , , , , , , , , , , , , , , , , , , , , , , , , , , , , , , , , , , , , , , , , , , , , , , , , , , , , , , , , , , , , , , , , , , , , , , , , , , , , , , , , , , , , , , , , , , , , , , , , , , , , , , , , , , , , , , , , , , , , , ,20,260
2026236N11344,2026,56,NA,NA,DOLLY,2026-08-26 18:00:00,DS,13.2,-31.0, , , ,PROVISIONAL,1467,1467,O______________,nhc_working_bt,AL042026,13.2,-31.0, ,DB,30,1007,-3, , , , , , , , , , , , ,1012,200,110, , , , , , , , , , , , , , , , , , , , , , , , , , , , , , , , , , , , , , , , , , , , , , , , , , , , , , , , , , , , , , , , , , , , , , , , , , , , , , , , , , , , , , , , , , , , , , , , , , , , , , , , , , , , , , , , , , , , , , , , , , , , , , , , , , , ,20,265
2026236N11344,2026,56,NA,NA,DOLLY,2026-08-26 21:00:00,DS,13.2,-32.0, , , ,PROVISIONAL,1574,1574,P______________, ,AL042026,13.2,-32.0, ,DB,30,1008,-3, , , , , , , , , , , , ,1012,200,110, , , , , , , , , , , , , , , , , , , , , , , , , , , , , , , , , , , , , , , , , , , , , , , , , , , , , , , , , , , , , , , , , , , , , , , , , , , , , , , , , , , , , , , , , , , , , , , , , , , , , , , , , , , , , , , , , , , , , , , , , , , , , , , , , , , ,20,270
2026236N11344,2026,56,NA,NA,DOLLY,2026-08-27 00:00:00,DS,13.2,-33.1, , , ,PROVISIONAL,1692,1692,O______________,nhc_working_bt,AL042026,13.2,-33.1, ,DB,30,1008,-3, , , , , , , , , , , , ,1012,200,110, , , , , , , , , , , , , , , , , , , , , , , , , , , , , , , , , , , , , , , , , , , , , , , , , , , , , , , , , , , , , , , , , , , , , , , , , , , , , , , , , , , , , , , , , , , , , , , , , , , , , , , , , , , , , , , , , , , , , , , , , ,40, , , , , , , , , ,21,275
2026236N11344,2026,56,NA,NA,DOLLY,2026-08-27 03:00:00,DS,13.3,-34.2, , , ,PROVISIONAL,1809,1809,P______________, ,AL042026,13.3,-34.2, ,DB,30,1008,-3, , , , , , , , , , , , ,1012,200,100, , , , , , , , , , , , , , , , , , , , , , , , , , , , , , , , , , , , , , , , , , , , , , , , , , , , , , , , , , , , , , , , , , , , , , , , , , , , , , , , , , , , , , , , , , , , , , , , , , , , , , , , , , , , , , , , , , , , , , , , , , , , , , , , , , , ,22,275
2026236N11344,2026,56,NA,NA,DOLLY,2026-08-27 06:00:00,TS,13.4,-35.3, , , ,PROVISIONAL,1892,1868,O______________,nhc_working_bt,AL042026,13.4,-35.3, ,TD,30,1008,-1, , , , , , , , , , , , ,1012,200,90, , , , , , , , , , , , , , , , , , , , , , , , , , , , , , , , , , , , , , , , , , , , , , , , , , , , , , , , , , , , , , , , , , , , , , , , , , , , , , , , , , , , , , , , , , , , , , , , , , , , , , , , , , , , , , , , , , , , , , , , , ,40, , , , , , , , , ,22,275
2026236N11344,2026,56,NA,NA,DOLLY,2026-08-27 09:00:00,TS,13.5,-36.4, , , ,PROVISIONAL,1875,1832,P______________, ,AL042026,13.5,-36.4, ,TD,33,1008,-1, , , , , , , , , , , , ,1012,190,70, , , , , , , , , , , , , , , , , , , , , , , , , , , , , , , , , , , , , , , , , , , , , , , , , , , , , , , , , , , , , , , , , , , , , , , , , , , , , , , , , , , , , , , , , , , , , , , , , , , , , , , , , , , , , , , , , , , , , , , , , , , , , , , , , , , ,22,275
2026236N11344,2026,56,NA,NA,DOLLY,2026-08-27 12:00:00,TS,13.5,-37.5, , , ,PROVISIONAL,1832,1742,O______________,nhc_working_bt,AL042026,13.5,-37.5, ,TS,35,1007,0,50,0,0,0, , , , , , , , ,1012,180,50, , , , , , , , , , , , , , , , , , , , , , , , , , , , , , , , , , , , , , , , , , , , , , , , , , , , , , , , , , , , , , , , , , , , , , , , , , , , , , , , , , , , , , , , , , , , , , , , , , , , , , , , , , , , , , , , , , , , , , , , , ,45, , , , , , , , , ,21,275
2026236N11344,2026,56,NA,NA,DOLLY,2026-08-27 15:00:00,TS,13.5,-38.5, , , ,PROVISIONAL,1742,1662,P______________, ,AL042026,13.5,-38.5, ,TS,35,1007,0,50,0,0,0, , , , , , , , ,1012,180,50, , , , , , , , , , , , , , , , , , , , , , , , , , , , , , , , , , , , , , , , , , , , , , , , , , , , , , , , , , , , , , , , , , , , , , , , , , , , , , , , , , , , , , , , , , , , , , , , , , , , , , , , , , , , , , , , , , , , , , , , , , , , , , , , , , , ,19,275
2026236N11344,2026,56,NA,NA,DOLLY,2026-08-27 18:00:00,TS,13.6,-39.5, , , ,PROVISIONAL,1662,1586,O______________,nhc_working_bt,AL042026,13.6,-39.4, ,TS,35,1007,0,50,0,0,0, , , , , , , , ,1012,180,50, , , , , , , , , , , , , , , , , , , , , , , , , , , , , , , , , , , , , , , , , , , , , , , , , , , , , , , , , , , , , , , , , , , , , , , , , , , , , , , , , , , , , , , , , , , , , , , , , , , , , , , , , , , , , , , , , , , , , , , , , ,45, , , , ,12,60, , , ,18,275
2026236N11344,2026,56,NA,NA,DOLLY,2026-08-27 21:00:00,TS,13.7,-40.4, , , ,PROVISIONAL,1593,1521,P______________, ,AL042026,13.7,-40.4, ,TS,35,1007,0,75,0,0,40, , , , , , , , ,1012,165,50, , , , , , , , , , , , , , , , , , , , , , , , , , , , , , , , , , , , , , , , , , , , , , , , , , , , , , , , , , , , , , , , , , , , , , , , , , , , , , , , , , , , , , , , , , , , , , , , , , , , , , , , , , , , , , , , , , , , , , , , , , , , , , ,12,75, , , ,18,275
2026236N11344,2026,56,NA,NA,DOLLY,2026-08-28 00:00:00,TS,13.8,-41.4, , , ,PROVISIONAL,1520,1453,O______________,nhc_working_bt,AL042026,13.9,-41.4, ,TS,35,1007,0,100,0,0,80, , , , , , , , ,1012,150,50, , , , , , , , , , , , , , , , , , , , , , , , , , , , , , , , , , , , , , , , , , , , , , , , , , , , , , , , , , , , , , , , , , , , , , , , , , , , , , , , , , , , , , , , , , , , , , , , , , , , , , , , , , , , , , , , , , , , , , , , , ,45, , , , ,12,90, , , ,21,280
2026236N11344,2026,56,NA,NA,DOLLY,2026-08-28 03:00:00,TS,14.0,-42.5, , , ,PROVISIONAL,1453,1402,P______________, ,AL042026,14.1,-42.5, ,TS,35,1007,0,100,0,0,80, , , , , , , , ,1012,150,50, , , , , , , , , , , , , , , , , , , , , , , , , , , , , , , , , , , , , , , , , , , , , , , , , , , , , , , , , , , , , , , , , , , , , , , , , , , , , , , , , , , , , , , , , , , , , , , , , , , , , , , , , , , , , , , , , , , , , , , , , , , , , , ,12,105, , , ,23,285
2026236N11344,2026,56,NA,NA,DOLLY,2026-08-28 06:00:00,TS,14.3,-43.7, , , ,PROVISIONAL,1396,1352,O______________,nhc_working_bt,AL042026,14.3,-43.7, ,TS,35,1007,0,100,0,0,80, , , , , , , , ,1011,150,50, , , , , , , , , , , , , , , , , , , , , , , , , , , , , , , , , , , , , , , , , , , , , , , , , , , , , , , , , , , , , , , , , , , , , , , , , , , , , , , , , , , , , , , , , , , , , , , , , , , , , , , , , , , , , , , , , , , , , , , , , ,45, , , , ,12,120, , , ,22,285
2026236N11344,2026,56,NA,NA,DOLLY,2026-08-28 09:00:00,TS,14.5,-44.7, , , ,PROVISIONAL,1352,1311,P______________, ,AL042026,14.5,-44.7, ,TS,35,1008,0,100,0,0,80, , , , , , , , ,1011,135,50, , , , , , , , , , , , , , , , , , , , , , , , , , , , , , , , , , , , , , , , , , , , , , , , , , , , , , , , , , , , , , , , , , , , , , , , , , , , , , , , , , , , , , , , , , , , , , , , , , , , , , , , , , , , , , , , , , , , , , , , , , , , , , ,12,120, , , ,21,285
2026236N11344,2026,56,NA,NA,DOLLY,2026-08-28 12:00:00,DS,14.8,-45.8, , , ,PROVISIONAL,1307,1271,O______________,nhc_working_bt,AL042026,14.8,-45.8, ,DB,35,1008,-3,100,0,0,80, , , , , , , , ,1011,120,50, , , , , , , , , , , , , , , , , , , , , , , , , , , , , , , , , , , , , , , , , , , , , , , , , , , , , , , , , , , , , , , , , , , , , , , , , , , , , , , , , , , , , , , , , , , , , , , , , , , , , , , , , , , , , , , , , , , , , , , , , ,45, , , , ,12,120,30, , ,25,285
2026236N11344,2026,56,NA,NA,DOLLY,2026-08-28 15:00:00,DS,15.2,-47.2, , , ,PROVISIONAL,1266,1245,P______________, ,AL042026,15.3,-47.2, ,DB,35,1008,-3,90,0,0,80, , , , , , , , ,1011,120,60, , , , , , , , , , , , , , , , , , , , , , , , , , , , , , , , , , , , , , , , , , , , , , , , , , , , , , , , , , , , , , , , , , , , , , , , , , , , , , , , , , , , , , , , , , , , , , , , , , , , , , , , , , , , , , , , , , , , , , , , , , , , , , , , , , , ,28,285
2026236N11344,2026,56,NA,NA,DOLLY,2026-08-28 18:00:00,DS,15.6,-48.6, , , ,PROVISIONAL,1241,1212,O______________,nhc_working_bt,AL042026,15.7,-48.7, ,DB,35,1008,-3,80,0,0,80, , , , , , , , ,1011,120,70, , , , , , , , , , , , , , , , , , , , , , , , , , , , , , , , , , , , , , , , , , , , , , , , , , , , , , , , , , , , , , , , , , , , , , , , , , , , , , , , , , , , , , , , , , , , , , , , , , , , , , , , , , , , , , , , , , , , , , , , , , , , , , , , , , , ,26,285
2026236N11344,2026,56,NA,NA,DOLLY,2026-08-28 21:00:00,DS,15.9,-49.8, , , ,PROVISIONAL,1218,1187,P______________, ,AL042026,15.9,-49.9, ,DB,35,1008,-3,80,0,0,80, , , , , , , , ,1011,120,70, , , , , , , , , , , , , , , , , , , , , , , , , , , , , , , , , , , , , , , , , , , , , , , , , , , , , , , , , , , , , , , , , , , , , , , , , , , , , , , , , , , , , , , , , , , , , , , , , , , , , , , , , , , , , , , , , , , , , , , , , , , , , , , , , , , ,24,280
2026236N11344,2026,56,NA,NA,DOLLY,2026-08-29 00:00:00,DS,16.0,-51.0, , , ,PROVISIONAL,1183,1127,O______________,nhc_working_bt,AL042026,16.0,-51.0, ,DB,35,1008,-3,80,0,0,80, , , , , , , , ,1011,120,70, , , , , , , , , , , , , , , , , , , , , , , , , , , , , , , , , , , , , , , , , , , , , , , , , , , , , , , , , , , , , , , , , , , , , , , , , , , , , , , , , , , , , , , , , , , , , , , , , , , , , , , , , , , , , , , , , , , , , , , , , , , , , , , , , , , ,24,275
2026236N11344,2026,56,NA,NA,DOLLY,2026-08-29 03:00:00,DS,16.2,-52.3, , , ,PROVISIONAL,1124,1033,P______________, ,AL042026,16.1,-52.3, ,DB,35,1008,-3,80,0,0,80, , , , , , , , ,1011,120,70, , , , , , , , , , , , , , , , , , , , , , , , , , , , , , , , , , , , , , , , , , , , , , , , , , , , , , , , , , , , , , , , , , , , , , , , , , , , , , , , , , , , , , , , , , , , , , , , , , , , , , , , , , , , , , , , , , , , , , , , , , , , , , , , , , , ,24,275
2026236N11344,2026,56,NA,NA,DOLLY,2026-08-29 06:00:00,DS,16.3,-53.5, , , ,PROVISIONAL,1025,941,O______________,nhc_working_bt,AL042026,16.3,-53.5, ,DB,35,1008,-3,80,0,0,80, , , , , , , , ,1011,120,70, , , , , , , , , , , , , , , , , , , , , , , , , , , , , , , , , , , , , , , , , , , , , , , , , , , , , , , , , , , , , , , , , , , , , , , , , , , , , , , , , , , , , , , , , , , , , , , , , , , , , , , , , , , , , , , , , , , , , , , , , , , , , , , , , , , ,24,275
2026236N11344,2026,56,NA,NA,DOLLY,2026-08-29 09:00:00,DS,16.4,-54.7, , , ,PROVISIONAL,933,874,P______________, ,AL042026,16.4,-54.7, ,DB,33,1008,-3, , , , , , , , , , , , ,1011,120,70, , , , , , , , , , , , , , , , , , , , , , , , , , , , , , , , , , , , , , , , , , , , , , , , , , , , , , , , , , , , , , , , , , , , , , , , , , , , , , , , , , , , , , , , , , , , , , , , , , , , , , , , , , , , , , , , , , , , , , , , , , , , , , , , , , , ,22,280
2026236N11344,2026,56,NA,NA,DOLLY,2026-08-29 12:00:00,DS,16.6,-55.8, , , ,PROVISIONAL,867,810,O______________,nhc_working_bt,AL042026,16.6,-55.8, ,DB,30,1008,-3, , , , , , , , , , , , ,1011,120,70, , , , , , , , , , , , , , , , , , , , , , , , , , , , , , , , , , , , , , , , , , , , , , , , , , , , , , , , , , , , , , , , , , , , , , , , , , , , , , , , , , , , , , , , , , , , , , , , , , , , , , , , , , , , , , , , , , , , , , , , , , , , , , , , , , , ,21,280
2026236N11344,2026,56,NA,NA,DOLLY,2026-08-29 15:00:00,DS,16.7,-56.9, , , ,PROVISIONAL,804,775,P______________, ,AL042026,16.7,-56.8, ,DB,30,1009,-3, , , , , , , , , , , , ,1011,120,70, , , , , , , , , , , , , , , , , , , , , , , , , , , , , , , , , , , , , , , , , , , , , , , , , , , , , , , , , , , , , , , , , , , , , , , , , , , , , , , , , , , , , , , , , , , , , , , , , , , , , , , , , , , , , , , , , , , , , , , , , , , , , , , , , , , ,19,280
2026236N11344,2026,56,NA,NA,DOLLY,2026-08-29 18:00:00,DS,16.9,-57.8, , , ,PROVISIONAL,775,755,O______________,nhc_working_bt,AL042026,16.9,-57.8, ,DB,30,1009,-3, , , , , , , , , , , , ,1011,120,70, , , , , , , , , , , , , , , , , , , , , , , , , , , , , , , , , , , , , , , , , , , , , , , , , , , , , , , , , , , , , , , , , , , , , , , , , , , , , , , , , , , , , , , , , , , , , , , , , , , , , , , , , , , , , , , , , , , , , , , , , , , , , , , , , , , ,16,280
2026236N11344,2026,56,NA,NA,DOLLY,2026-08-29 21:00:00,DS,17.0,-58.5, , , ,PROVISIONAL,755,687,P______________, ,AL042026,17.0,-58.6, ,DB,30,1009,-3, , , , , , , , , , , , ,1011,120,70, , , , , , , , , , , , , , , , , , , , , , , , , , , , , , , , , , , , , , , , , , , , , , , , , , , , , , , , , , , , , , , , , , , , , , , , , , , , , , , , , , , , , , , , , , , , , , , , , , , , , , , , , , , , , , , , , , , , , , , , , , , , , , , , , , , ,15,280
2026236N11344,2026,56,NA,NA,DOLLY,2026-08-30 00:00:00,DS,17.2,-59.3, , , ,PROVISIONAL,676,559,O______________,nhc_working_bt,AL042026,17.2,-59.5, ,DB,30,1009,-3, , , , , , , , , , , , ,1011,120,70, , , , , , , , , , , , , , , , , , , , , , , , , , , , , , , , , , , , , , , , , , , , , , , , , , , , , , , , , , , , , , , , , , , , , , , , , , , , , , , , , , , , , , , , , , , , , , , , , , , , , , , , , , , , , , , , , , , , , , , , , , , , , , , , , , , ,19,280
2026236N11344,2026,56,NA,NA,DOLLY,2026-08-30 03:00:00,DS,17.3,-60.5, , , ,PROVISIONAL,549,420,P______________, ,AL042026,17.3,-60.6, ,DB,30,1010,-3, , , , , , , , , , , , ,1012,120,70, , , , , , , , , , , , , , , , , , , , , , , , , , , , , , , , , , , , , , , , , , , , , , , , , , , , , , , , , , , , , , , , , , , , , , , , , , , , , , , , , , , , , , , , , , , , , , , , , , , , , , , , , , , , , , , , , , , , , , , , , , , , , , , , , , , ,24,275
2026236N11344,2026,56,NA,CS,DOLLY,2026-08-30 06:00:00,DS,17.5,-61.8, , , ,PROVISIONAL,409,291,O______________,nhc_working_bt,AL042026,17.5,-61.8, ,DB,30,1010,-3, , , , , , , , , , , , ,1012,120,70, , , , , , , , , , , , , , , , , , , , , , , , , , , , , , , , , , , , , , , , , , , , , , , , , , , , , , , , , , , , , , , , , , , , , , , , , , , , , , , , , , , , , , , , , , , , , , , , , , , , , , , , , , , , , , , , , , , , , , , , , , , , , , , , , , , ,24,280
2026236N11344,2026,56,NA,CS,DOLLY,2026-08-30 09:00:00,DS,17.7,-63.0, , , ,PROVISIONAL,280,172,P______________, ,AL042026,17.7,-63.0, ,DB,30,1010,-3, , , , , , , , , , , , ,1012,105,70, , , , , , , , , , , , , , , , , , , , , , , , , , , , , , , , , , , , , , , , , , , , , , , , , , , , , , , , , , , , , , , , , , , , , , , , , , , , , , , , , , , , , , , , , , , , , , , , , , , , , , , , , , , , , , , , , , , , , , , , , , , , , , , , , , , ,22,280
2026236N11344,2026,56,NA,CS,DOLLY,2026-08-30 12:00:00,DS,17.9,-64.1, , , ,PROVISIONAL,162,43,O______________,nhc_working_bt,AL042026,17.9,-64.1, ,DB,30,1010,-3, , , , , , , , , , , , ,1012,90,70, , , , , , , , , , , , , , , , , , , , , , , , , , , , , , , , , , , , , , , , , , , , , , , , , , , , , , , , , , , , , , , , , , , , , , , , , , , , , , , , , , , , , , , , , , , , , , , , , , , , , , , , , , , , , , , , , , , , , , , , , , , , , , , , , , , ,22,280
2026236N11344,2026,56,NA,CS,DOLLY,2026-08-30 15:00:00,DS,18.2,-65.3, , , ,PROVISIONAL,31,0,P______________, ,AL042026,18.2,-65.3, ,DB,30,1011,-3, , , , , , , , , , , , ,1013,90,70, , , , , , , , , , , , , , , , , , , , , , , , , , , , , , , , , , , , , , , , , , , , , , , , , , , , , , , , , , , , , , , , , , , , , , , , , , , , , , , , , , , , , , , , , , , , , , , , , , , , , , , , , , , , , , , , , , , , , , , , , , , , , , , , , , , ,22,285
2026236N11344,2026,56,NA,NA,DOLLY,2026-08-30 18:00:00,DS,18.4,-66.3, , , ,PROVISIONAL,0,0,O______________,nhc_working_bt,AL042026,18.4,-66.3, ,DB,30,1012,-3, , , , , , , , , , , , ,1014,90,70, , , , , , , , , , , , , , , , , , , , , , , , , , , , , , , , , , , , , , , , , , , , , , , , , , , , , , , , , , , , , , , , , , , , , , , , , , , , , , , , , , , , , , , , , , , , , , , , , , , , , , , , , , , , , , , , , , , , , , , , , , , , , , , , , , , ,17,285
2026236N11344,2026,56,NA,NA,DOLLY,2026-08-30 21:00:00,DS,18.5,-67.0, , , ,PROVISIONAL,11,11,P______________, ,AL042026,18.5,-67.0, ,DB,30,1012,-3, , , , , , , , , , , , ,1014,90,70, , , , , , , , , , , , , , , , , , , , , , , , , , , , , , , , , , , , , , , , , , , , , , , , , , , , , , , , , , , , , , , , , , , , , , , , , , , , , , , , , , , , , , , , , , , , , , , , , , , , , , , , , , , , , , , , , , , , , , , , , , , , , , , , , , , ,14,285
2026236N11344,2026,56,NA,NA,DOLLY,2026-08-31 00:00:00,DS,18.7,-67.7, , , ,PROVISIONAL,53,24,O______________,nhc_working_bt,AL042026,18.7,-67.7, ,DB,30,1012,-3, , , , , , , , , , , , ,1014,90,70, , , , , , , , , , , , , , , , , , , , , , , , , , , , , , , , , , , , , , , , , , , , , , , , , , , , , , , , , , , , , , , , , , , , , , , , , , , , , , , , , , , , , , , , , , , , , , , , , , , , , , , , , , , , , , , , , , , , , , , , , , , , , , , , , , , ,15,290
2026236N11344,2026,56,NA,NA,DOLLY,2026-08-31 03:00:00,DS,19.0,-68.5, , , ,PROVISIONAL,24,10,P______________, ,AL042026,19.0,-68.5, ,DB,30,1013,-3, , , , , , , , , , , , ,1014,95,75, , , , , , , , , , , , , , , , , , , , , , , , , , , , , , , , , , , , , , , , , , , , , , , , , , , , , , , , , , , , , , , , , , , , , , , , , , , , , , , , , , , , , , , , , , , , , , , , , , , , , , , , , , , , , , , , , , , , , , , , , , , , , , , , , , , ,17,295
2026236N11344,2026,56,NA,NA,DOLLY,2026-08-31 06:00:00,DS,19.4,-69.3, , , ,PROVISIONAL,11,11,O______________,nhc_working_bt,AL042026,19.4,-69.3, ,DB,30,1013,-3, , , , , , , , , , , , ,1014,100,80, , , , , , , , , , , , , , , , , , , , , , , , , , , , , , , , , , , , , , , , , , , , , , , , , , , , , , , , , , , , , , , , , , , , , , , , , , , , , , , , , , , , , , , , , , , , , , , , , , , , , , , , , , , , , , , , , , , , , , , , , , , , , , , , , , , ,16,295
2026236N11344,2026,56,NA,NA,DOLLY,2026-08-31 09:00:00,DS,19.7,-70.0, , , ,PROVISIONAL,11,11,P______________, ,AL042026,19.7,-70.0, ,DB,30,1013,-3, , , , , , , , , , , , ,1014,100,80, , , , , , , , , , , , , , , , , , , , , , , , , , , , , , , , , , , , , , , , , , , , , , , , , , , , , , , , , , , , , , , , , , , , , , , , , , , , , , , , , , , , , , , , , , , , , , , , , , , , , , , , , , , , , , , , , , , , , , , , , , , , , , , , , , , ,14,295
2026236N11344,2026,56,NA,NA,DOLLY,2026-08-31 12:00:00,DS,20.0,-70.6, , , ,PROVISIONAL,22, ,O______________,nhc_working_bt,AL042026,20.0,-70.6, ,DB,30,1013,-3, , , , , , , , , , , , ,1014,100,80, , , , , , , , , , , , , , , , , , , , , , , , , , , , , , , , , , , , , , , , , , , , , , , , , , , , , , , , , , , , , , , , , , , , , , , , , , , , , , , , , , , , , , , , , , , , , , , , , , , , , , , , , , , , , , , , , , , , , , , , , , , , , , , , , , , ,13,295
2026237N09256,2026,57,EP,MM,KARINA,2026-08-25 00:00:00,DS,8.6,-103.8, , , ,PROVISIONAL,1010,1010,O______________,nhc_working_bt,EP112026,8.6,-103.8, ,DB,15,1008,-3, , , , , , , , , , , , ,1009,200,120, , , , , , , , , , , , , , , , , , , , , , , , , , , , , , , , , , , , , , , , , , , , , , , , , , , , , , , , , , , , , , , , , , , , , , , , , , , , , , , , , , , , , , , , , , , , , , , , , , , , , , , , , , , , , , , , , , , , , , , , , , , , , , , , , , , ,6,280
2026237N09256,2026,57,EP,MM,KARINA,2026-08-25 03:00:00,DS,8.7,-104.1, , , ,PROVISIONAL,1014,1014,P______________, ,EP112026,8.7,-104.1, ,DB,15,1008,-3, , , , , , , , , , , , ,1009,200,120, , , , , , , , , , , , , , , , , , , , , , , , , , , , , , , , , , , , , , , , , , , , , , , , , , , , , , , , , , , , , , , , , , , , , , , , , , , , , , , , , , , , , , , , , , , , , , , , , , , , , , , , , , , , , , , , , , , , , , , , , , , , , , , , , , , ,6,280
2026237N09256,2026,57,EP,MM,KARINA,2026-08-25 06:00:00,DS,8.7,-104.4, , , ,PROVISIONAL,1027,1027,O______________,nhc_working_bt,EP112026,8.7,-104.4, ,DB,15,1008,-3, , , , , , , , , , , , ,1009,200,120, , , , , , , , , , , , , , , , , , , , , , , , , , , , , , , , , , , , , , , , , , , , , , , , , , , , , , , , , , , , , , , , , , , , , , , , , , , , , , , , , , , , , , , , , , , , , , , , , , , , , , , , , , , , , , , , , , , , , , , , , , , , , , , , , , , ,5,280
2026237N09256,2026,57,EP,MM,KARINA,2026-08-25 09:00:00,DS,8.7,-104.6, , , ,PROVISIONAL,1034,1024,P______________, ,EP112026,8.7,-104.6, ,DB,15,1008,-3, , , , , , , , , , , , ,1009,200,120, , , , , , , , , , , , , , , , , , , , , , , , , , , , , , , , , , , , , , , , , , , , , , , , , , , , , , , , , , , , , , , , , , , , , , , , , , , , , , , , , , , , , , , , , , , , , , , , , , , , , , , , , , , , , , , , , , , , , , , , , , , , , , , , , , , ,4,285
2026237N09256,2026,57,EP,MM,KARINA,2026-08-25 12:00:00,DS,8.8,-104.8, , , ,PROVISIONAL,1032,1032,O______________,nhc_working_bt,EP112026,8.8,-104.8, ,DB,15,1008,-3, , , , , , , , , , , , ,1009,200,120, , , , , , , , , , , , , , , , , , , , , , , , , , , , , , , , , , , , , , , , , , , , , , , , , , , , , , , , , , , , , , , , , , , , , , , , , , , , , , , , , , , , , , , , , , , , , , , , , , , , , , , , , , , , , , , , , , , , , , , , , , , , , , , , , , , ,4,285
2026237N09256,2026,57,EP,MM,KARINA,2026-08-25 15:00:00,DS,8.8,-105.0, , , ,PROVISIONAL,1041,1030,P______________, ,EP112026,8.8,-105.0, ,DB,15,1008,-3, , , , , , , , , , , , ,1009,200,120, , , , , , , , , , , , , , , , , , , , , , , , , , , , , , , , , , , , , , , , , , , , , , , , , , , , , , , , , , , , , , , , , , , , , , , , , , , , , , , , , , , , , , , , , , , , , , , , , , , , , , , , , , , , , , , , , , , , , , , , , , , , , , , , , , , ,5,280
2026237N09256,2026,57,EP,MM,KARINA,2026-08-25 18:00:00,DS,8.9,-105.3, , , ,PROVISIONAL,1044,1044,O______________,nhc_working_bt,EP112026,8.9,-105.3, ,DB,15,1008,-3, , , , , , , , , , , , ,1009,200,120, , , , , , , , , , , , , , , , , , , , , , , , , , , , , , , , , , , , , , , , , , , , , , , , , , , , , , , , , , , , , , , , , , , , , , , , , , , , , , , , , , , , , , , , , , , , , , , , , , , , , , , , , , , , , , , , , , , , , , , , , , , , , , , , , , , ,6,280
2026237N09256,2026,57,EP,MM,KARINA,2026-08-25 21:00:00,DS,9.0,-105.6, , , ,PROVISIONAL,1049,1049,P______________, ,EP112026,9.0,-105.6, ,DB,18,1008,-3, , , , , , , , , , , , ,1009,200,120, , , , , , , , , , , , , , , , , , , , , , , , , , , , , , , , , , , , , , , , , , , , , , , , , , , , , , , , , , , , , , , , , , , , , , , , , , , , , , , , , , , , , , , , , , , , , , , , , , , , , , , , , , , , , , , , , , , , , , , , , , , , , , , , , , , ,7,280
2026237N09256,2026,57,EP,MM,KARINA,2026-08-26 00:00:00,DS,9.0,-106.0, , , ,PROVISIONAL,1070,1070,O______________,nhc_working_bt,EP112026,9.0,-106.0, ,DB,20,1007,-3, , , , , , , , , , , , ,1009,200,120, , , , , , , , , , , , , , , , , , , , , , , , , , , , , , , , , , , , , , , , , , , , , , , , , , , , , , , , , , , , , , , , , , , , , , , , , , , , , , , , , , , , , , , , , , , , , , , , , , , , , , , , , , , , , , , , , , , , , , , , , , , , , , , , , , , ,7,275
2026237N09256,2026,57,EP,MM,KARINA,2026-08-26 03:00:00,DS,9.0,-106.3, , , ,PROVISIONAL,1083,1083,P______________, ,EP112026,9.0,-106.3, ,DB,20,1007,-3, , , , , , , , , , , , ,1009,200,120, , , , , , , , , , , , , , , , , , , , , , , , , , , , , , , , , , , , , , , , , , , , , , , , , , , , , , , , , , , , , , , , , , , , , , , , , , , , , , , , , , , , , , , , , , , , , , , , , , , , , , , , , , , , , , , , , , , , , , , , , , , , , , , , , , , ,6,270
2026237N09256,2026,57,EP,MM,KARINA,2026-08-26 06:00:00,DS,9.0,-106.6, , , ,PROVISIONAL,1093,1093,O______________,nhc_working_bt,EP112026,9.0,-106.6, ,DB,20,1007,-3, , , , , , , , , , , , ,1009,200,120, , , , , , , , , , , , , , , , , , , , , , , , , , , , , , , , , , , , , , , , , , , , , , , , , , , , , , , , , , , , , , , , , , , , , , , , , , , , , , , , , , , , , , , , , , , , , , , , , , , , , , , , , , , , , , , , , , , , , , , , , , , , , , , , , , , ,5,275
2026237N09256,2026,57,EP,MM,KARINA,2026-08-26 09:00:00,DS,9.0,-106.8, , , ,PROVISIONAL,1100,1093,P______________, ,EP112026,9.0,-106.8, ,DB,23,1007,-3, , , , , , , , , , , , ,1009,200,120, , , , , , , , , , , , , , , , , , , , , , , , , , , , , , , , , , , , , , , , , , , , , , , , , , , , , , , , , , , , , , , , , , , , , , , , , , , , , , , , , , , , , , , , , , , , , , , , , , , , , , , , , , , , , , , , , , , , , , , , , , , , , , , , , , , ,4,285
2026237N09256,2026,57,EP,MM,KARINA,2026-08-26 12:00:00,DS,9.1,-107.0, , , ,PROVISIONAL,1097,1090,O______________,nhc_working_bt,EP112026,9.1,-107.0, ,DB,25,1007,-3, , , , , , , , , , , , ,1009,200,120, , , , , , , , , , , , , , , , , , , , , , , , , , , , , , , , , , , , , , , , , , , , , , , , , , , , , , , , , , , , , , , , , , , , , , , , , , , , , , , , , , , , , , , , , , , , , , , , , , , , , , , , , , , , , , , , , , , , , , , , , , , , , , , , , , , ,6,290
2026237N09256,2026,57,EP,MM,KARINA,2026-08-26 15:00:00,DS,9.3,-107.4, , , ,PROVISIONAL,1091,1091,P______________, ,EP112026,9.3,-107.4, ,DB,25,1007,-3, , , , , , , , , , , , ,1009,200,120, , , , , , , , , , , , , , , , , , , , , , , , , , , , , , , , , , , , , , , , , , , , , , , , , , , , , , , , , , , , , , , , , , , , , , , , , , , , , , , , , , , , , , , , , , , , , , , , , , , , , , , , , , , , , , , , , , , , , , , , , , , , , , , , , , , ,8,290
2026237N09256,2026,57,EP,MM,KARINA,2026-08-26 18:00:00,DS,9.4,-107.8, , , ,PROVISIONAL,1099,1099,O______________,nhc_working_bt,EP112026,9.4,-107.8, ,DB,25,1007,-3, , , , , , , , , , , , ,1009,200,120, , , , , , , , , , , , , , , , , , , , , , , , , , , , , , , , , , , , , , , , , , , , , , , , , , , , , , , , , , , , , , , , , , , , , , , , , , , , , , , , , , , , , , , , , , , , , , , , , , , , , , , , , , , , , , , , , , , , , , , , , , , , , , , , , , , ,9,285
2026237N09256,2026,57,EP,MM,KARINA,2026-08-26 21:00:00,DS,9.5,-108.2, , , ,PROVISIONAL,1108,1108,P______________, ,EP112026,9.5,-108.2, ,DB,25,1007,-3, , , , , , , , , , , , ,1009,210,130, , , , , , , , , , , , , , , , , , , , , , , , , , , , , , , , , , , , , , , , , , , , , , , , , , , , , , , , , , , , , , , , , , , , , , , , , , , , , , , , , , , , , , , , , , , , , , , , , , , , , , , , , , , , , , , , , , , , , , , , , , , , , , , , , , , ,9,275
2026237N09256,2026,57,EP,MM,KARINA,2026-08-27 00:00:00,DS,9.5,-108.7, , , ,PROVISIONAL,1133,1133,O______________,nhc_working_bt,EP112026,9.5,-108.7, ,DB,25,1006,-3, , , , , , , , , , , , ,1009,220,140, , , , , , , , , , , , , , , , , , , , , , , , , , , , , , , , , , , , , , , , , , , , , , , , , , , , , , , , , , , , , , , , , , , , , , , , , , , , , , , , , , , , , , , , , , , , , , , , , , , , , , , , , , , , , , , , , , , , , , , , , ,35, , , , , , , , , ,9,270
2026237N09256,2026,57,EP,MM,KARINA,2026-08-27 03:00:00,DS,9.5,-109.2, , , ,PROVISIONAL,1161,1161,P______________, ,EP112026,9.5,-109.2, ,DB,28,1006,-3, , , , , , , , , , , , ,1009,220,130, , , , , , , , , , , , , , , , , , , , , , , , , , , , , , , , , , , , , , , , , , , , , , , , , , , , , , , , , , , , , , , , , , , , , , , , , , , , , , , , , , , , , , , , , , , , , , , , , , , , , , , , , , , , , , , , , , , , , , , , , , , , , , , , , , , ,10,270
2026237N09256,2026,57,EP,MM,KARINA,2026-08-27 06:00:00,DS,9.5,-109.7, , , ,PROVISIONAL,1190,1190,O______________,nhc_working_bt,EP112026,9.5,-109.7, ,DB,30,1006,-3, , , , , , , , , , , , ,1009,220,120, , , , , , , , , , , , , , , , , , , , , , , , , , , , , , , , , , , , , , , , , , , , , , , , , , , , , , , , , , , , , , , , , , , , , , , , , , , , , , , , , , , , , , , , , , , , , , , , , , , , , , , , , , , , , , , , , , , , , , , , , ,40, , , , , , , , , ,10,280
2026237N09256,2026,57,EP,MM,KARINA,2026-08-27 09:00:00,DS,9.7,-110.2, , , ,PROVISIONAL,1203,1203,P______________, ,EP112026,9.7,-110.2, ,DB,30,1006,-3, , , , , , , , , , , , ,1009,220,120, , , , , , , , , , , , , , , , , , , , , , , , , , , , , , , , , , , , , , , , , , , , , , , , , , , , , , , , , , , , , , , , , , , , , , , , , , , , , , , , , , , , , , , , , , , , , , , , , , , , , , , , , , , , , , , , , , , , , , , , , , , , , , , , , , , ,11,295
2026237N09256,2026,57,EP,MM,KARINA,2026-08-27 12:00:00,DS,10.0,-110.7, , , ,PROVISIONAL,1209,1198,O______________,nhc_working_bt,EP112026,10.0,-110.7, ,DB,30,1006,-3, , , , , , , , , , , , ,1009,220,120, , , , , , , , , , , , , , , , , , , , , , , , , , , , , , , , , , , , , , , , , , , , , , , , , , , , , , , , , , , , , , , , , , , , , , , , , , , , , , , , , , , , , , , , , , , , , , , , , , , , , , , , , , , , , , , , , , , , , , , , , ,40, , , , , , , , , ,11,310
2026237N09256,2026,57,EP,MM,KARINA,2026-08-27 15:00:00,DS,10.4,-111.1, , , ,PROVISIONAL,1195,1186,P______________, ,EP112026,10.4,-111.1, ,DB,35,1004,-3,90, , , , , , , , , , , ,1009,220,105, , , , , , , , , , , , , , , , , , , , , , , , , , , , , , , , , , , , , , , , , , , , , , , , , , , , , , , , , , , , , , , , , , , , , , , , , , , , , , , , , , , , , , , , , , , , , , , , , , , , , , , , , , , , , , , , , , , , , , , , , , , , , , , , , , , ,11,315
2026237N09256,2026,57,EP,MM,KARINA,2026-08-27 18:00:00,TS,10.8,-111.5, , , ,PROVISIONAL,1183,1168,O______________,nhc_working_bt,EP112026,10.8,-111.5, ,TS,40,1001,0,180,0,0,0, , , , , , , , ,1009,220,90, , , , , , , , , , , , , , , , , , , , , , , , , , , , , , , , , , , , , , , , , , , , , , , , , , , , , , , , , , , , , , , , , , , , , , , , , , , , , , , , , , , , , , , , , , , , , , , , , , , , , , , , , , , , , , , , , , , , , , , , , ,50, , , , , , , , , ,11,315
2026237N09256,2026,57,EP,MM,KARINA,2026-08-27 21:00:00,TS,11.2,-111.9, , , ,PROVISIONAL,1175,1165,P______________, ,EP112026,11.3,-112.0, ,TS,43,1001,0,180,50,0,0, , , , , , , , ,1009,220,90, , , , , , , , , , , , , , , , , , , , , , , , , , , , , , , , , , , , , , , , , , , , , , , , , , , , , , , , , , , , , , , , , , , , , , , , , , , , , , , , , , , , , , , , , , , , , , , , , , , , , , , , , , , , , , , , , , , , , , , , , , , , , , , , , , , ,13,315
2026237N09256,2026,57,EP,MM,KARINA,2026-08-28 00:00:00,TS,11.6,-112.4, , , ,PROVISIONAL,1177,1176,O______________,nhc_working_bt,EP112026,11.7,-112.6, ,TS,45,1000,0,180,100,0,0, , , , , , , , ,1008,220,90, , , , , , , , , , , , , , , , , , , , , , , , , , , , , , , , , , , , , , , , , , , , , , , , , , , , , , , , , , , , , , , , , , , , , , , , , , , , , , , , , , , , , , , , , , , , , , , , , , , , , , , , , , , , , , , , , , , , , , , , , ,55, , , , ,12,150,180,240,75,15,305
2026237N09256,2026,57,EP,MM,KARINA,2026-08-28 03:00:00,TS,12.0,-113.2, , , ,PROVISIONAL,1206,1198,P______________, ,EP112026,12.1,-113.3, ,TS,45,1000,0,190,150,0,0, , , , , , , , ,1008,235,70, , , , , , , , , , , , , , , , , , , , , , , , , , , , , , , , , , , , , , , , , , , , , , , , , , , , , , , , , , , , , , , , , , , , , , , , , , , , , , , , , , , , , , , , , , , , , , , , , , , , , , , , , , , , , , , , , , , , , , , , , , , , , , ,12,165,180,180,113,16,300
2026237N09256,2026,57,EP,MM,KARINA,2026-08-28 06:00:00,TS,12.4,-113.9, , , ,PROVISIONAL,1229,1229,O______________,nhc_working_bt,EP112026,12.4,-113.9, ,TS,45,999,0,200,200,0,0, , , , , , , , ,1008,250,50, , , , , , , , , , , , , , , , , , , , , , , , , , , , , , , , , , , , , , , , , , , , , , , , , , , , , , , , , , , , , , , , , , , , , , , , , , , , , , , , , , , , , , , , , , , , , , , , , , , , , , , , , , , , , , , , , , , , , , , , , ,55, , , , ,12,180,180,120,150,13,300
2026237N09256,2026,57,EP,MM,KARINA,2026-08-28 09:00:00,TS,12.7,-114.4, , , ,PROVISIONAL,1232,1224,P______________, ,EP112026,12.7,-114.4, ,TS,48,997,0,200,200,0,0, , , , , , , , ,1008,250,50, , , , , , , , , , , , , , , , , , , , , , , , , , , , , , , , , , , , , , , , , , , , , , , , , , , , , , , , , , , , , , , , , , , , , , , , , , , , , , , , , , , , , , , , , , , , , , , , , , , , , , , , , , , , , , , , , , , , , , , , , , , , , , ,12,195,195,135,150,9,305
2026237N09256,2026,57,EP,MM,KARINA,2026-08-28 12:00:00,TS,12.9,-114.7, , , ,PROVISIONAL,1224,1212,O______________,nhc_working_bt,EP112026,12.9,-114.7, ,TS,50,995,0,200,200,0,0,40,0,0,0, , , , ,1008,250,50, , , , , , , , , , , , , , , , , , , , , , , , , , , , , , , , , , , , , , , , , , , , , , , , , , , , , , , , , , , , , , , , , , , , , , , , , , , , , , , , , , , , , , , , , , , , , , , , , , , , , , , , , , , , , , , , , , , , , , , , , ,55, , , , ,12,210,210,150,150,7,310
2026237N09256,2026,57,EP,MM,KARINA,2026-08-28 15:00:00,TS,13.1,-115.0, , , ,PROVISIONAL,1216,1196,P______________, ,EP112026,13.1,-115.0, ,TS,53,993,0,190,200,0,60,40,0,0,0, , , , ,1008,250,45, , , , , , , , , , , , , , , , , , , , , , , , , , , , , , , , , , , , , , , , , , , , , , , , , , , , , , , , , , , , , , , , , , , , , , , , , , , , , , , , , , , , , , , , , , , , , , , , , , , , , , , , , , , , , , , , , , , , , , , , , , , , , , ,12,225,210,135,150,7,315
2026237N09256,2026,57,EP,MM,KARINA,2026-08-28 18:00:00,TS,13.4,-115.2, , , ,PROVISIONAL,1196,1186,O______________,nhc_working_bt,EP112026,13.4,-115.2, ,TS,55,990,0,180,200,0,120,40,0,0,0, , , , ,1008,250,40, , , , , , , , , , , , , , , , , , , , , , , , , , , , , , , , , , , , , , , , , , , , , , , , , , , , , , , , , , , , , , , , , , , , , , , , , , , , , , , , , , , , , , , , , , , , , , , , , , , , , , , , , , , , , , , , , , , , , , , , , ,65, , , , ,12,240,210,120,150,8,310
2026237N09256,2026,57,EP,MM,KARINA,2026-08-28 21:00:00,TS,13.7,-115.5, , , ,PROVISIONAL,1181,1177,P______________, ,EP112026,13.7,-115.5, ,TS,55,989,0,180,200,0,120,40,0,0,0, , , , ,1008,250,40, , , , , , , , , , , , , , , , , , , , , , , , , , , , , , , , , , , , , , , , , , , , , , , , , , , , , , , , , , , , , , , , , , , , , , , , , , , , , , , , , , , , , , , , , , , , , , , , , , , , , , , , , , , , , , , , , , , , , , , , , , , , , , ,12,240,210,120,165,8,305
2026237N09256,2026,57,EP,MM,KARINA,2026-08-29 00:00:00,TS,13.9,-115.9, , , ,PROVISIONAL,1183,1179,O______________,nhc_working_bt,EP112026,13.9,-115.9, ,TS,55,988,0,180,200,0,120,40,0,0,0, , , , ,1007,250,40, , , , , , , , , , , , , , , , , , , , , , , , , , , , , , , , , , , , , , , , , , , , , , , , , , , , , , , , , , , , , , , , , , , , , , , , , , , , , , , , , , , , , , , , , , , , , , , , , , , , , , , , , , , , , , , , , , , , , , , , , ,65, , , , ,12,240,210,120,180,8,305
2026237N09256,2026,57,EP,MM,KARINA,2026-08-29 03:00:00,TS,14.1,-116.3, , , ,PROVISIONAL,1187,1177,P______________, ,EP112026,14.1,-116.3, ,TS,55,989,0,180,200,0,140,40,0,0,0, , , , ,1008,250,40, , , , , , , , , , , , , , , , , , , , , , , , , , , , , , , , , , , , , , , , , , , , , , , , , , , , , , , , , , , , , , , , , , , , , , , , , , , , , , , , , , , , , , , , , , , , , , , , , , , , , , , , , , , , , , , , , , , , , , , , , , , , , , , , , , , ,8,305
2026237N09256,2026,57,EP,MM,KARINA,2026-08-29 06:00:00,TS,14.4,-116.6, , , ,PROVISIONAL,1177,1154,O______________,nhc_working_bt,EP112026,14.4,-116.6, ,TS,55,989,0,180,200,0,160,40,0,0,0, , , , ,1009,250,40, , , , , , , , , , , , , , , , , , , , , , , , , , , , , , , , , , , , , , , , , , , , , , , , , , , , , , , , , , , , , , , , , , , , , , , , , , , , , , , , , , , , , , , , , , , , , , , , , , , , , , , , , , , , , , , , , , , , , , , , , ,65, , , , , , , , , ,9,320
2026237N09256,2026,57,EP,MM,KARINA,2026-08-29 09:00:00,TS,14.8,-116.9, , , ,PROVISIONAL,1160,1137,P______________, ,EP112026,14.8,-116.9, ,TS,55,989,0,180,200,0,160,40,0,0,0, , , , ,1009,245,40, , , , , , , , , , , , , , , , , , , , , , , , , , , , , , , , , , , , , , , , , , , , , , , , , , , , , , , , , , , , , , , , , , , , , , , , , , , , , , , , , , , , , , , , , , , , , , , , , , , , , , , , , , , , , , , , , , , , , , , , , , , , , , , , , , , ,11,325
2026237N09256,2026,57,EP,MM,KARINA,2026-08-29 12:00:00,TS,15.3,-117.2, , , ,PROVISIONAL,1137,1132,O______________,nhc_working_bt,EP112026,15.3,-117.2, ,TS,55,989,0,180,200,0,160,40,0,0,0, , , , ,1008,240,40, , , , , , , , , , , , , , , , , , , , , , , , , , , , , , , , , , , , , , , , , , , , , , , , , , , , , , , , , , , , , , , , , , , , , , , , , , , , , , , , , , , , , , , , , , , , , , , , , , , , , , , , , , , , , , , , , , , , , , , , , ,65, , , , ,12,240,270,120,180,12,320
2026237N09256,2026,57,EP,MM,KARINA,2026-08-29 15:00:00,TS,15.7,-117.7, , , ,PROVISIONAL,1140,1139,P______________, ,EP112026,15.7,-117.7, ,TS,58,988,0,180,200,0,160,40,0,0,0, , , , ,1009,250,40, , , , , , , , , , , , , , , , , , , , , , , , , , , , , , , , , , , , , , , , , , , , , , , , , , , , , , , , , , , , , , , , , , , , , , , , , , , , , , , , , , , , , , , , , , , , , , , , , , , , , , , , , , , , , , , , , , , , , , , , , , , , , , ,12,255,255,105,195,13,305
2026237N09256,2026,57,EP,MM,KARINA,2026-08-29 18:00:00,TS,16.1,-118.3, , , ,PROVISIONAL,1154,1154,O______________,nhc_working_bt,EP112026,16.1,-118.3, ,TS,60,987,0,180,200,0,160,40,0,0,0, , , , ,1010,260,40, , , , , , , , , , , , , , , , , , , , , , , , , , , , , , , , , , , , , , , , , , , , , , , , , , , , , , , , , , , , , , , , , , , , , , , , , , , , , , , , , , , , , , , , , , , , , , , , , , , , , , , , , , , , , , , , , , , , , , , , , ,75, , , , ,12,270,240,90,210,14,300
2026237N09256,2026,57,EP,MM,KARINA,2026-08-29 21:00:00,TS,16.4,-119.0, , , ,PROVISIONAL,1173,1164,P______________, ,EP112026,16.4,-119.0, ,TS,60,987,0,220,220,45,160,50,20,15,30, , , , ,1009,260,45, , , , , , , , , , , , , , , , , , , , , , , , , , , , , , , , , , , , , , , , , , , , , , , , , , , , , , , , , , , , , , , , , , , , , , , , , , , , , , , , , , , , , , , , , , , , , , , , , , , , , , , , , , , , , , , , , , , , , , , , , , , , , , ,12,255,255,105,210,15,295
2026237N09256,2026,57,EP,MM,KARINA,2026-08-30 00:00:00,TS,16.7,-119.7, , , ,PROVISIONAL,1193,1184,O______________,nhc_working_bt,EP112026,16.7,-119.6, ,TS,60,987,0,260,240,90,160,60,40,30,60, , , , ,1008,260,50, , , , , , , , , , , , , , , , , , , , , , , , , , , , , , , , , , , , , , , , , , , , , , , , , , , , , , , , , , , , , , , , , , , , , , , , , , , , , , , , , , , , , , , , , , , , , , , , , , , , , , , , , , , , , , , , , , , , , , , , , ,75, , , , ,12,240,270,120,210,13,295
2026237N09256,2026,57,EP,MM,KARINA,2026-08-30 03:00:00,TS,17.0,-120.2, , , ,PROVISIONAL,1203,1202,P______________, ,EP112026,17.0,-120.2, ,TS,63,985,0,230,210,90,160,60,40,30,60, , , , ,1008,230,35, , , , , , , , , , , , , , , , , , , , , , , , , , , , , , , , , , , , , , , , , , , , , , , , , , , , , , , , , , , , , , , , , , , , , , , , , , , , , , , , , , , , , , , , , , , , , , , , , , , , , , , , , , , , , , , , , , , , , , , , , , , , , , ,12,270,255,120,210,11,295
2026237N09256,2026,57,EP,MM,KARINA,2026-08-30 06:00:00,TS,17.2,-120.7, , , ,PROVISIONAL,1224,1224,O______________,nhc_working_bt,EP112026,17.2,-120.7, ,HU,65,983,1,200,180,90,160,60,40,30,60,20,0,0,0,1008,200,20, , , , , , , , , , , , , , , , , , , , , , , , , , , , , , , , , , , , , , , , , , , , , , , , , , , , , , , , , , , , , , , , , , , , , , , , , , , , , , , , , , , , , , , , , , , , , , , , , , , , , , , , , , , , , , , , , , , , , , , , , ,80, , , , ,12,300,240,120,210,10,285
2026237N09256,2026,57,EP,MM,KARINA,2026-08-30 09:00:00,TS,17.3,-121.2, , , ,PROVISIONAL,1254,1254,P______________, ,EP112026,17.3,-121.2, ,HU,68,982,1,180,140,90,160,60,40,30,60,20,0,0,0,1008,200,20, , , , , , , , , , , , , , , , , , , , , , , , , , , , , , , , , , , , , , , , , , , , , , , , , , , , , , , , , , , , , , , , , , , , , , , , , , , , , , , , , , , , , , , , , , , , , , , , , , , , , , , , , , , , , , , , , , , , , , , , , , , , , , ,12,300,255,150,210,10,275
2026237N09256,2026,57,EP,MM,KARINA,2026-08-30 12:00:00,TS,17.3,-121.7, , , ,PROVISIONAL,1293,1293,O______________,nhc_working_bt,EP112026,17.3,-121.7, ,HU,70,980,1,160,100,90,160,60,40,30,60,20,0,0,0,1008,200,20, , , , , , , , , , , , , , , , , , , , , , , , , , , , , , , , , , , , , , , , , , , , , , , , , , , , , , , , , , , , , , , , , , , , , , , , , , , , , , , , , , , , , , , , , , , , , , , , , , , , , , , , , , , , , , , , , , , , , , , , , ,85, , , , ,12,300,270,180,210,8,265
2026237N09256,2026,57,EP,MM,KARINA,2026-08-30 15:00:00,TS,17.2,-122.1, , , ,PROVISIONAL,1332,1332,P______________, ,EP112026,17.2,-122.1, ,HU,75,977,1,145,100,100,155,58,45,35,58,23,10,8,13,1008,220,18, , , , , , , , , , , , , , , , , , , , , , , , , , , , , , , , , , , , , , , , , , , , , , , , , , , , , , , , , , , , , , , , , , , , , , , , , , , , , , , , , , , , , , , , , , , , , , , , , , , , , , , , , , , , , , , , , , , , , , , , , , , , , , ,12,315,285,165,225,8,255
2026237N09256,2026,57,EP,MM,KARINA,2026-08-30 18:00:00,TS,17.1,-122.5, , , ,PROVISIONAL,1371,1371,O______________,nhc_working_bt,EP112026,17.1,-122.4, ,HU,80,973,1,130,100,110,150,55,50,40,55,25,20,15,25,1008,240,15, , , , , , , , , , , , , , , , , , , , , , , , , , , , , , , , , , , , , , , , , , , , , , , , , , , , , , , , , , , , , , , , , , , , , , , , , , , , , , , , , , , , , , , , , , , , , , , , , , , , , , , , , , , , , , , , , , , , , , , , , ,100, , , , ,12,330,300,150,240,8,260
2026237N09256,2026,57,EP,MM,KARINA,2026-08-30 21:00:00,TS,17.1,-122.9, , , ,PROVISIONAL,1404,1404,P______________, ,EP112026,17.1,-122.8, ,HU,95,964,2,125,100,110,145,58,50,40,58,30,23,20,30,1008,290,15, , , , , , , , , , , , , , , , , , , , , , , , , , , , , , , , , , , , , , , , , , , , , , , , , , , , , , , , , , , , , , , , , , , , , , , , , , , , , , , , , , , , , , , , , , , , , , , , , , , , , , , , , , , , , , , , , , , , , , , , , , , , , , ,12,330,300,150,240,8,270
2026237N09256,2026,57,EP,MM,KARINA,2026-08-31 00:00:00,TS,17.1,-123.3, , , ,PROVISIONAL,1437,1437,O______________,nhc_working_bt,EP112026,17.1,-123.3, ,HU,110,954,3,120,100,110,140,60,50,40,60,35,25,25,35,1008,340,15, , , , , , , , , , , , , , , , , , , , , , , , , , , , , , , , , , , , , , , , , , , , , , , , , , , , , , , , , , , , , , , , , , , , , , , , , , , , , , , , , , , , , , , , , , , , , , , , , , , , , , , , , , , , , , , , , , , , , , , , , ,135, , , , ,12,330,300,150,240,7,275
2026237N09256,2026,57,EP,MM,KARINA,2026-08-31 03:00:00,TS,17.1,-123.7, , , ,PROVISIONAL,1470,1463,P______________, ,EP112026,17.1,-123.7, ,HU,115,950,4,120,95,95,135,58,48,40,60,35,25,25,35,1008,295,15, , , , , , , , , , , , , , , , , , , , , , , , , , , , , , , , , , , , , , , , , , , , , , , , , , , , , , , , , , , , , , , , , , , , , , , , , , , , , , , , , , , , , , , , , , , , , , , , , , , , , , , , , , , , , , , , , , , , , , , , , , , , , , ,12,315,255,180,255,7,280
2026237N09256,2026,57,EP,MM,KARINA,2026-08-31 06:00:00,TS,17.2,-124.0, , , ,PROVISIONAL,1489,1489,O______________,nhc_working_bt,EP112026,17.2,-124.0, ,HU,120,945,4,120,90,80,130,55,45,40,60,35,25,25,35,1008,250,15, , , , , , , , , , , , , , , , , , , , , , , , , , , , , , , , , , , , , , , , , , , , , , , , , , , , , , , , , , , , , , , , , , , , , , , , , , , , , , , , , , , , , , , , , , , , , , , , , , , , , , , , , , , , , , , , , , , , , , , , , ,145, , , , ,12,300,210,210,270,7,280
2026237N09256,2026,57,EP,MM,KARINA,2026-08-31 09:00:00,TS,17.2,-124.4, , , ,PROVISIONAL,1518,1509,P______________, ,EP112026,17.2,-124.4, ,HU,120,945,4,110,85,75,115,53,40,35,55,30,20,20,30,1008,250,15, , , , , , , , , , , , , , , , , , , , , , , , , , , , , , , , , , , , , , , , , , , , , , , , , , , , , , , , , , , , , , , , , , , , , , , , , , , , , , , , , , , , , , , , , , , , , , , , , , , , , , , , , , , , , , , , , , , , , , , , , , , , , , ,12,300,195,210,285,7,280
2026237N09256,2026,57,EP,MM,KARINA,2026-08-31 12:00:00,TS,17.3,-124.7, , , ,PROVISIONAL,1529,1529,O______________,nhc_working_bt,EP112026,17.3,-124.7, ,HU,120,945,4,100,80,70,100,50,35,30,50,25,15,15,25,1007,250,15, , , , , , , , , , , , , , , , , , , , , , , , , , , , , , , , , , , , , , , , , , , , , , , , , , , , , , , , , , , , , , , , , , , , , , , , , , , , , , , , , , , , , , , , , , , , , , , , , , , , , , , , , , , , , , , , , , , , , , , , , ,140, , , , ,12,300,180,210,300,7,275
2026237N09256,2026,57,EP,MM,KARINA,2026-08-31 15:00:00,TS,17.3,-125.0, , , ,PROVISIONAL,1549,1549,P______________, ,EP112026,17.3,-125.0, ,HU,118,948,4,100,80,70,100,50,35,30,50,25,15,15,25,1007,250,15, , , , , , , , , , , , , , , , , , , , , , , , , , , , , , , , , , , , , , , , , , , , , , , , , , , , , , , , , , , , , , , , , , , , , , , , , , , , , , , , , , , , , , , , , , , , , , , , , , , , , , , , , , , , , , , , , , , , , , , , , , , , , , ,12,300,180,210,285,7,280
2026237N09256,2026,57,EP,MM,KARINA,2026-08-31 18:00:00,TS,17.4,-125.4, , , ,PROVISIONAL,1568,1568,O______________,nhc_working_bt,EP112026,17.4,-125.4, ,HU,115,950,4,100,80,70,100,50,35,30,50,25,15,15,25,1007,250,15, , , , , , , , , , , , , , , , , , , , , , , , , , , , , , , , , , , , , , , , , , , , , , , , , , , , , , , , , , , , , , , , , , , , , , , , , , , , , , , , , , , , , , , , , , , , , , , , , , , , , , , , , , , , , , , , , , , , , , , , , ,140, , , , ,12,300,180,210,270,8,285
2026237N09256,2026,57,EP,MM,KARINA,2026-08-31 21:00:00,TS,17.5,-125.8, , , ,PROVISIONAL,1588,1587,P______________, ,EP112026,17.5,-125.8, ,HU,115,950,4,100,80,70,100,50,35,30,50,25,15,15,25,1007,250,15, , , , , , , , , , , , , , , , , , , , , , , , , , , , , , , , , , , , , , , , , , , , , , , , , , , , , , , , , , , , , , , , , , , , , , , , , , , , , , , , , , , , , , , , , , , , , , , , , , , , , , , , , , , , , , , , , , , , , , , , , , , , , , ,12,300,180,210,270,9,290
2026237N09256,2026,57,EP,MM,KARINA,2026-09-01 00:00:00,TS,17.7,-126.3, , , ,PROVISIONAL,1608,1608,O______________,nhc_working_bt,EP112026,17.7,-126.3, ,HU,115,950,4,100,80,70,100,50,35,30,50,25,15,15,25,1007,250,15, , , , , , , , , , , , , , , , , , , , , , , , , , , , , , , , , , , , , , , , , , , , , , , , , , , , , , , , , , , , , , , , , , , , , , , , , , , , , , , , , , , , , , , , , , , , , , , , , , , , , , , , , , , , , , , , , , , , , , , , , ,140, , , , ,12,300,180,210,270,10,290
2026237N09256,2026,57,EP,MM,KARINA,2026-09-01 03:00:00,TS,17.9,-126.8, , , ,PROVISIONAL,1629,1629,P______________, ,EP112026,17.9,-126.8, ,HU,118,948,4,100,80,80,100,50,35,35,50,25,15,23,25,1009,275,15, , , , , , , , , , , , , , , , , , , , , , , , , , , , , , , , , , , , , , , , , , , , , , , , , , , , , , , , , , , , , , , , , , , , , , , , , , , , , , , , , , , , , , , , , , , , , , , , , , , , , , , , , , , , , , , , , , , , , , , , , , , , , , ,12,255,180,195,270,11,285
2026237N09256,2026,57,EP,MM,KARINA,2026-09-01 06:00:00,TS,18.0,-127.4, , , ,PROVISIONAL,1667,1667,O______________,nhc_working_bt,EP112026,18.0,-127.4, ,HU,120,945,4,100,80,90,100,50,35,40,50,25,15,30,25,1010,300,15, , , , , , , , , , , , , , , , , , , , , , , , , , , , , , , , , , , , , , , , , , , , , , , , , , , , , , , , , , , , , , , , , , , , , , , , , , , , , , , , , , , , , , , , , , , , , , , , , , , , , , , , , , , , , , , , , , , , , , , , , ,145, , , , ,12,210,180,180,270,11,280
2026237N09256,2026,57,EP,MM,KARINA,2026-09-01 09:00:00,TS,18.0,-128.0, , , ,PROVISIONAL,1714,1714,P______________, ,EP112026,18.0,-128.0, ,HU,120,945,4,100,80,90,100,50,38,40,50,25,18,30,25,1010,300,15, , , , , , , , , , , , , , , , , , , , , , , , , , , , , , , , , , , , , , , , , , , , , , , , , , , , , , , , , , , , , , , , , , , , , , , , , , , , , , , , , , , , , , , , , , , , , , , , , , , , , , , , , , , , , , , , , , , , , , , , , , , , , , ,12,210,180,195,240,10,270
2026237N09256,2026,57,EP,MM,KARINA,2026-09-01 12:00:00,TS,18.0,-128.5, , , ,PROVISIONAL,1754,1754,O______________,nhc_working_bt,EP112026,18.0,-128.5, ,HU,120,945,4,100,80,90,100,50,40,40,50,25,20,30,25,1010,300,15, , , , , , , , , , , , , , , , , , , , , , , , , , , , , , , , , , , , , , , , , , , , , , , , , , , , , , , , , , , , , , , , , , , , , , , , , , , , , , , , , , , , , , , , , , , , , , , , , , , , , , , , , , , , , , , , , , , , , , , , , ,145, , , , ,12,210,180,210,210,10,270
2026237N09256,2026,57,EP,MM,KARINA,2026-09-01 15:00:00,TS,18.0,-129.0, , , ,PROVISIONAL,1795,1788,P______________, ,EP112026,18.0,-129.0, ,HU,118,947,4,100,80,95,105,50,40,45,50,28,25,30,28,1010,300,15, , , , , , , , , , , , , , , , , , , , , , , , , , , , , , , , , , , , , , , , , , , , , , , , , , , , , , , , , , , , , , , , , , , , , , , , , , , , , , , , , , , , , , , , , , , , , , , , , , , , , , , , , , , , , , , , , , , , , , , , , , , , , , ,12,225,180,210,240,9,275
2026237N09256,2026,57,EP,MM,KARINA,2026-09-01 18:00:00,TS,18.1,-129.4, , , ,PROVISIONAL,1820,1820,O______________,nhc_working_bt,EP112026,18.1,-129.4, ,HU,115,949,4,100,80,100,110,50,40,50,50,30,30,30,30,1010,300,15, , , , , , , , , , , , , , , , , , , , , , , , , , , , , , , , , , , , , , , , , , , , , , , , , , , , , , , , , , , , , , , , , , , , , , , , , , , , , , , , , , , , , , , , , , , , , , , , , , , , , , , , , , , , , , , , , , , , , , , , , ,140, , , , ,12,240,180,210,270,8,275
2026237N09256,2026,57,EP,MM,KARINA,2026-09-01 21:00:00,TS,18.1,-129.9, , , ,PROVISIONAL,1862,1862,P______________, ,EP112026,18.1,-129.9, ,HU,118,948,4,100,80,100,110,50,40,50,50,30,30,30,30,1010,290,15, , , , , , , , , , , , , , , , , , , , , , , , , , , , , , , , , , , , , , , , , , , , , , , , , , , , , , , , , , , , , , , , , , , , , , , , , , , , , , , , , , , , , , , , , , , , , , , , , , , , , , , , , , , , , , , , , , , , , , , , , , , , , , ,12,240,180,210,270,9,275
2026237N09256,2026,57,EP,MM,KARINA,2026-09-02 00:00:00,TS,18.2,-130.3, , , ,PROVISIONAL,1889,1889,O______________,nhc_working_bt,EP112026,18.2,-130.3, ,HU,120,946,4,100,80,100,110,50,40,50,50,30,30,30,30,1009,280,15, , , , , , , , , , , , , , , , , , , , , , , , , , , , , , , , , , , , , , , , , , , , , , , , , , , , , , , , , , , , , , , , , , , , , , , , , , , , , , , , , , , , , , , , , , , , , , , , , , , , , , , , , , , , , , , , , , , , , , , , , ,145, , , , ,12,240,180,210,270,9,285
2026237N09256,2026,57,EP,MM,KARINA,2026-09-02 03:00:00,TS,18.3,-130.7, , , ,PROVISIONAL,1916,1916,P______________, ,EP112026,18.3,-130.7, ,HU,123,943,4,100,80,100,110,50,40,50,50,30,30,30,30,1010,280,15, , , , , , , , , , , , , , , , , , , , , , , , , , , , , , , , , , , , , , , , , , , , , , , , , , , , , , , , , , , , , , , , , , , , , , , , , , , , , , , , , , , , , , , , , , , , , , , , , , , , , , , , , , , , , , , , , , , , , , , , , , , , , , ,12,240,195,210,270,9,290
2026237N09256,2026,57,EP,MM,KARINA,2026-09-02 06:00:00,TS,18.5,-131.2, , , ,PROVISIONAL,1946,1946,O______________,nhc_working_bt,EP112026,18.5,-131.2, ,HU,125,940,4,100,80,100,110,50,40,50,50,30,30,30,30,1010,280,15, , , , , , , , , , , , , , , , , , , , , , , , , , , , , , , , , , , , , , , , , , , , , , , , , , , , , , , , , , , , , , , , , , , , , , , , , , , , , , , , , , , , , , , , , , , , , , , , , , , , , , , , , , , , , , , , , , , , , , , , , ,150, , , , ,12,240,210,210,270,10,285
2026237N09256,2026,57,EP,MM,KARINA,2026-09-02 09:00:00,TS,18.6,-131.7, , , ,PROVISIONAL,1983,1983,P______________, ,EP112026,18.6,-131.7, ,HU,125,940,4,100,80,100,110,50,40,50,50,30,30,30,30,1009,280,15, , , , , , , , , , , , , , , , , , , , , , , , , , , , , , , , , , , , , , , , , , , , , , , , , , , , , , , , , , , , , , , , , , , , , , , , , , , , , , , , , , , , , , , , , , , , , , , , , , , , , , , , , , , , , , , , , , , , , , , , , , , , , , ,12,240,225,225,270,11,280
2026237N09256,2026,57,EP,MM,KARINA,2026-09-02 12:00:00,TS,18.7,-132.3, , , ,PROVISIONAL,2030,2030,O______________,nhc_working_bt,EP112026,18.7,-132.3, ,HU,125,940,4,100,80,100,110,50,40,50,50,30,30,30,30,1008,280,15, , , , , , , , , , , , , , , , , , , , , , , , , , , , , , , , , , , , , , , , , , , , , , , , , , , , , , , , , , , , , , , , , , , , , , , , , , , , , , , , , , , , , , , , , , , , , , , , , , , , , , , , , , , , , , , , , , , , , , , , , ,150, , , , ,12,240,240,240,270,10,275
2026237N09256,2026,57,EP,MM,KARINA,2026-09-02 15:00:00,TS,18.7,-132.8, , , ,PROVISIONAL,2074,2074,P______________, ,EP112026,18.7,-132.8, ,HU,123,942,4,100,80,100,110,55,45,50,55,30,30,30,30,1008,280,15, , , , , , , , , , , , , , , , , , , , , , , , , , , , , , , , , , , , , , , , , , , , , , , , , , , , , , , , , , , , , , , , , , , , , , , , , , , , , , , , , , , , , , , , , , , , , , , , , , , , , , , , , , , , , , , , , , , , , , , , , , , , , , ,12,240,235,245,275,10,275
2026237N09256,2026,57,EP,MM,KARINA,2026-09-02 18:00:00,TS,18.8,-133.3, , , ,PROVISIONAL,2113,2113,O______________,nhc_working_bt,EP112026,18.8,-133.3, ,HU,120,943,4,100,80,100,110,60,50,50,60,30,30,30,30,1008,280,15, , , , , , , , , , , , , , , , , , , , , , , , , , , , , , , , , , , , , , , , , , , , , , , , , , , , , , , , , , , , , , , , , , , , , , , , , , , , , , , , , , , , , , , , , , , , , , , , , , , , , , , , , , , , , , , , , , , , , , , , , ,145, , , , ,12,240,230,250,280,9,285
2026237N09256,2026,57,EP,MM,KARINA,2026-09-02 21:00:00,TS,19.0,-133.8, , , ,PROVISIONAL,2146,2146,P______________, ,EP112026,19.0,-133.8, ,HU,118,945,4,100,80,100,110,60,50,50,60,30,30,30,30,1008,280,15, , , , , , , , , , , , , , , , , , , , , , , , , , , , , , , , , , , , , , , , , , , , , , , , , , , , , , , , , , , , , , , , , , , , , , , , , , , , , , , , , , , , , , , , , , , , , , , , , , , , , , , , , , , , , , , , , , , , , , , , , , , , , , ,12,225,220,245,275,9,295
2026237N09256,2026,57,EP,MM,KARINA,2026-09-03 00:00:00,TS,19.2,-134.2, , , ,PROVISIONAL,2160, ,O______________,nhc_working_bt,EP112026,19.2,-134.2, ,HU,115,947,4,100,80,100,110,60,50,50,60,30,30,30,30,1008,280,15, , , , , , , , , , , , , , , , , , , , , , , , , , , , , , , , , , , , , , , , , , , , , , , , , , , , , , , , , , , , , , , , , , , , , , , , , , , , , , , , , , , , , , , , , , , , , , , , , , , , , , , , , , , , , , , , , , , , , , , , , ,140, , , , ,12,210,210,240,270,10,300
2026238N10223,2026,58,EP,MM,LOWELL,2026-08-25 18:00:00,DS,10.1,-136.7, , , ,PROVISIONAL,2210,2210,O______________,nhc_working_bt,EP122026,10.1,-136.7, ,DB,15, ,-3, , , , , , , , , , , , , , , , , , , , , , , , , , , , , , , , , , , , , , , , , , , , , , , , , , , , , , , , , , , , , , , , , , , , , , , , , , , , , , , , , , , , , , , , , , , , , , , , , , , , , , , , , , , , , , , , , , , , , , , , , , , , , , , , , , , , , , , , , , , , , , , , , , ,3,70
2026238N10223,2026,58,EP,MM,LOWELL,2026-08-25 21:00:00,DS,10.2,-136.6, , , ,PROVISIONAL,2213,2213,P______________, ,EP122026,10.2,-136.6, ,DB,15, ,-3, , , , , , , , , , , , , , , , , , , , , , , , , , , , , , , , , , , , , , , , , , , , , , , , , , , , , , , , , , , , , , , , , , , , , , , , , , , , , , , , , , , , , , , , , , , , , , , , , , , , , , , , , , , , , , , , , , , , , , , , , , , , , , , , , , , , , , , , , , , , , , , , , , ,3,70
2026238N10223,2026,58,EP,MM,LOWELL,2026-08-26 00:00:00,DS,10.2,-136.4, , , ,PROVISIONAL,2232,2232,O______________,nhc_working_bt,EP122026,10.2,-136.4, ,DB,15, ,-3, , , , , , , , , , , , , , , , , , , , , , , , , , , , , , , , , , , , , , , , , , , , , , , , , , , , , , , , , , , , , , , , , , , , , , , , , , , , , , , , , , , , , , , , , , , , , , , , , , , , , , , , , , , , , , , , , , , , , , , , , , , , , , , , , , , , , , , , , , , , , , , , , , ,4,75
2026238N10223,2026,58,EP,MM,LOWELL,2026-08-26 03:00:00,DS,10.2,-136.2, , , ,PROVISIONAL,2251,2246,P______________, ,EP122026,10.2,-136.2, ,DB,15, ,-3, , , , , , , , , , , , , , , , , , , , , , , , , , , , , , , , , , , , , , , , , , , , , , , , , , , , , , , , , , , , , , , , , , , , , , , , , , , , , , , , , , , , , , , , , , , , , , , , , , , , , , , , , , , , , , , , , , , , , , , , , , , , , , , , , , , , , , , , , , , , , , , , , , ,4,75
2026238N10223,2026,58,EP,MM,LOWELL,2026-08-26 06:00:00,DS,10.3,-136.0, , , ,PROVISIONAL,2265,2265,O______________,nhc_working_bt,EP122026,10.3,-136.0, ,DB,15, ,-3, , , , , , , , , , , , , , , , , , , , , , , , , , , , , , , , , , , , , , , , , , , , , , , , , , , , , , , , , , , , , , , , , , , , , , , , , , , , , , , , , , , , , , , , , , , , , , , , , , , , , , , , , , , , , , , , , , , , , , , , , , , , , , , , , , , , , , , , , , , , , , , , , , ,5,80
2026238N10223,2026,58,EP,MM,LOWELL,2026-08-26 09:00:00,DS,10.3,-135.7, , , ,PROVISIONAL,2294,2288,P______________, ,EP122026,10.3,-135.7, ,DB,15, ,-3, , , , , , , , , , , , , , , , , , , , , , , , , , , , , , , , , , , , , , , , , , , , , , , , , , , , , , , , , , , , , , , , , , , , , , , , , , , , , , , , , , , , , , , , , , , , , , , , , , , , , , , , , , , , , , , , , , , , , , , , , , , , , , , , , , , , , , , , , , , , , , , , , , ,5,80
2026238N10223,2026,58,EP,MM,LOWELL,2026-08-26 12:00:00,DS,10.4,-135.5, , , ,PROVISIONAL,2307,2307,O______________,nhc_working_bt,EP122026,10.4,-135.5, ,DB,15, ,-3, , , , , , , , , , , , , , , , , , , , , , , , , , , , , , , , , , , , , , , , , , , , , , , , , , , , , , , , , , , , , , , , , , , , , , , , , , , , , , , , , , , , , , , , , , , , , , , , , , , , , , , , , , , , , , , , , , , , , , , , , , , , , , , , , , , , , , , , , , , , , , , , , , ,5,70
2026238N10223,2026,58,EP,MM,LOWELL,2026-08-26 15:00:00,DS,10.5,-135.3, , , ,PROVISIONAL,2321,2321,P______________, ,EP122026,10.5,-135.3, ,DB,18, ,-3, , , , , , , , , , , , , , , , , , , , , , , , , , , , , , , , , , , , , , , , , , , , , , , , , , , , , , , , , , , , , , , , , , , , , , , , , , , , , , , , , , , , , , , , , , , , , , , , , , , , , , , , , , , , , , , , , , , , , , , , , , , , , , , , , , , , , , , , , , , , , , , , , , ,4,65
2026238N10223,2026,58,EP,MM,LOWELL,2026-08-26 18:00:00,DS,10.6,-135.1, , , ,PROVISIONAL,2336,2330,O______________,nhc_working_bt,EP122026,10.6,-135.1, ,LO,20,1008,-3, , , , , , , , , , , , ,1011,120,80, , , , , , , , , , , , , , , , , , , , , , , , , , , , , , , , , , , , , , , , , , , , , , , , , , , , , , , , , , , , , , , , , , , , , , , , , , , , , , , , , , , , , , , , , , , , , , , , , , , , , , , , , , , , , , , , , , , , , , , , , , , , , , , , , , , ,3,45
2026238N10223,2026,58,EP,MM,LOWELL,2026-08-26 21:00:00,DS,10.7,-135.0, , , ,PROVISIONAL,2340,2335,P______________, ,EP122026,10.7,-135.0, ,LO,20,1009,-3, , , , , , , , , , , , ,1011,120,70, , , , , , , , , , , , , , , , , , , , , , , , , , , , , , , , , , , , , , , , , , , , , , , , , , , , , , , , , , , , , , , , , , , , , , , , , , , , , , , , , , , , , , , , , , , , , , , , , , , , , , , , , , , , , , , , , , , , , , , , , , , , , , , , , , , ,2,25
2026238N10223,2026,58,EP,MM,LOWELL,2026-08-27 00:00:00,DS,10.8,-135.0, , , ,PROVISIONAL,2335,2335,O______________,nhc_working_bt,EP122026,10.8,-135.0, ,DB,20,1009,-3, , , , , , , , , , , , ,1011,120,60, , , , , , , , , , , , , , , , , , , , , , , , , , , , , , , , , , , , , , , , , , , , , , , , , , , , , , , , , , , , , , , , , , , , , , , , , , , , , , , , , , , , , , , , , , , , , , , , , , , , , , , , , , , , , , , , , , , , , , , , , , , , , , , , , , , ,2,35
2026238N10223,2026,58,EP,MM,LOWELL,2026-08-27 03:00:00,DS,10.9,-134.9, , , ,PROVISIONAL,2340,2340,P______________, ,EP122026,10.9,-134.9, ,DB,23,1009,-3, , , , , , , , , , , , ,1011,120,60, , , , , , , , , , , , , , , , , , , , , , , , , , , , , , , , , , , , , , , , , , , , , , , , , , , , , , , , , , , , , , , , , , , , , , , , , , , , , , , , , , , , , , , , , , , , , , , , , , , , , , , , , , , , , , , , , , , , , , , , , , , , , , , , , , , ,2,65
2026238N10223,2026,58,EP,MM,LOWELL,2026-08-27 06:00:00,DS,10.9,-134.8, , , ,PROVISIONAL,2349,2349,O______________,nhc_working_bt,EP122026,10.9,-134.8, ,DB,25,1008,-3, , , , , , , , , , , , ,1010,120,60, , , , , , , , , , , , , , , , , , , , , , , , , , , , , , , , , , , , , , , , , , , , , , , , , , , , , , , , , , , , , , , , , , , , , , , , , , , , , , , , , , , , , , , , , , , , , , , , , , , , , , , , , , , , , , , , , , , , , , , , , , , , , , , , , , , ,3,75
2026238N10223,2026,58,EP,MM,LOWELL,2026-08-27 09:00:00,DS,10.9,-134.6, , , ,PROVISIONAL,2369,2364,P______________, ,EP122026,10.9,-134.6, ,DB,25,1008,-3, , , , , , , , , , , , ,1010,120,60, , , , , , , , , , , , , , , , , , , , , , , , , , , , , , , , , , , , , , , , , , , , , , , , , , , , , , , , , , , , , , , , , , , , , , , , , , , , , , , , , , , , , , , , , , , , , , , , , , , , , , , , , , , , , , , , , , , , , , , , , , , , , , , , , , , ,4,75
2026238N10223,2026,58,EP,MM,LOWELL,2026-08-27 12:00:00,DS,11.0,-134.4, , , ,PROVISIONAL,2384,2384,O______________,nhc_working_bt,EP122026,11.0,-134.4, ,DB,25,1008,-3, , , , , , , , , , , , ,1010,120,60, , , , , , , , , , , , , , , , , , , , , , , , , , , , , , , , , , , , , , , , , , , , , , , , , , , , , , , , , , , , , , , , , , , , , , , , , , , , , , , , , , , , , , , , , , , , , , , , , , , , , , , , , , , , , , , , , , , , , , , , , ,35, , , , , , , , , ,4,70
2026238N10223,2026,58,EP,MM,LOWELL,2026-08-27 15:00:00,DS,11.1,-134.2, , , ,PROVISIONAL,2398,2398,P______________, ,EP122026,11.1,-134.2, ,DB,30,1007,-3, , , , , , , , , , , , ,1010,120,55, , , , , , , , , , , , , , , , , , , , , , , , , , , , , , , , , , , , , , , , , , , , , , , , , , , , , , , , , , , , , , , , , , , , , , , , , , , , , , , , , , , , , , , , , , , , , , , , , , , , , , , , , , , , , , , , , , , , , , , , , , , , , , , , , , , ,4,65
2026238N10223,2026,58,EP,MM,LOWELL,2026-08-27 18:00:00,TS,11.2,-134.0, , , ,PROVISIONAL,2413,2413,O______________,nhc_working_bt,EP122026,11.2,-134.0, ,TS,35,1006,0,0,50,0,0, , , , , , , , ,1010,120,50, , , , , , , , , , , , , , , , , , , , , , , , , , , , , , , , , , , , , , , , , , , , , , , , , , , , , , , , , , , , , , , , , , , , , , , , , , , , , , , , , , , , , , , , , , , , , , , , , , , , , , , , , , , , , , , , , , , , , , , , , ,45, , , , , , , , , ,4,70
2026238N10223,2026,58,EP,MM,LOWELL,2026-08-27 21:00:00,TS,11.2,-133.8, , , ,PROVISIONAL,2433,2428,P______________, ,EP122026,11.2,-133.8, ,TS,35,1005,0,0,60,30,25, , , , , , , , ,1010,120,50, , , , , , , , , , , , , , , , , , , , , , , , , , , , , , , , , , , , , , , , , , , , , , , , , , , , , , , , , , , , , , , , , , , , , , , , , , , , , , , , , , , , , , , , , , , , , , , , , , , , , , , , , , , , , , , , , , , , , , , , , , , , , , , , , , , ,4,75
2026238N10223,2026,58,EP,MM,LOWELL,2026-08-28 00:00:00,TS,11.3,-133.6, , , ,PROVISIONAL,2448,2448,O______________,nhc_working_bt,EP122026,11.3,-133.6, ,TS,35,1004,0,0,70,60,50, , , , , , , , ,1009,120,50, , , , , , , , , , , , , , , , , , , , , , , , , , , , , , , , , , , , , , , , , , , , , , , , , , , , , , , , , , , , , , , , , , , , , , , , , , , , , , , , , , , , , , , , , , , , , , , , , , , , , , , , , , , , , , , , , , , , , , , , , ,45, , , , , , , , , ,5,70
2026238N10223,2026,58,EP,MM,LOWELL,2026-08-28 03:00:00,TS,11.4,-133.3, , , ,PROVISIONAL,2473,2473,P______________, ,EP122026,11.4,-133.3, ,TS,38,1004,0,0,70,60,50, , , , , , , , ,1009,120,50, , , , , , , , , , , , , , , , , , , , , , , , , , , , , , , , , , , , , , , , , , , , , , , , , , , , , , , , , , , , , , , , , , , , , , , , , , , , , , , , , , , , , , , , , , , , , , , , , , , , , , , , , , , , , , , , , , , , , , , , , , , , , , , , , , , ,7,65
2026238N10223,2026,58,EP,MM,LOWELL,2026-08-28 06:00:00,TS,11.6,-133.0, , , ,PROVISIONAL,2494,2490,O______________,nhc_working_bt,EP122026,11.6,-133.0, ,TS,40,1003,0,0,70,60,50, , , , , , , , ,1009,120,50, , , , , , , , , , , , , , , , , , , , , , , , , , , , , , , , , , , , , , , , , , , , , , , , , , , , , , , , , , , , , , , , , , , , , , , , , , , , , , , , , , , , , , , , , , , , , , , , , , , , , , , , , , , , , , , , , , , , , , , , , ,50, , , , , , , , , ,8,40
2026238N10223,2026,58,EP,MM,LOWELL,2026-08-28 09:00:00,TS,12.0,-132.8, , , ,PROVISIONAL,2497,2494,P______________, ,EP122026,12.0,-132.8, ,TS,40,1003,0,0,70,60,50, , , , , , , , ,1009,120,50, , , , , , , , , , , , , , , , , , , , , , , , , , , , , , , , , , , , , , , , , , , , , , , , , , , , , , , , , , , , , , , , , , , , , , , , , , , , , , , , , , , , , , , , , , , , , , , , , , , , , , , , , , , , , , , , , , , , , , , , , , , , , , , , , , , ,8,25
2026238N10223,2026,58,EP,MM,LOWELL,2026-08-28 12:00:00,TS,12.3,-132.7, , , ,PROVISIONAL,2494,2480,O______________,nhc_working_bt,EP122026,12.3,-132.7, ,TS,40,1003,0,0,70,60,50, , , , , , , , ,1009,120,50, , , , , , , , , , , , , , , , , , , , , , , , , , , , , , , , , , , , , , , , , , , , , , , , , , , , , , , , , , , , , , , , , , , , , , , , , , , , , , , , , , , , , , , , , , , , , , , , , , , , , , , , , , , , , , , , , , , , , , , , , ,50, , , , , , , , , ,4,355
2026238N10223,2026,58,EP,MM,LOWELL,2026-08-28 15:00:00,TS,12.4,-132.8, , , ,PROVISIONAL,2480,2450,P______________, ,EP122026,12.4,-132.8, ,TS,40,1003,0,0,35,60,50, , , , , , , , ,1009,120,50, , , , , , , , , , , , , , , , , , , , , , , , , , , , , , , , , , , , , , , , , , , , , , , , , , , , , , , , , , , , , , , , , , , , , , , , , , , , , , , , , , , , , , , , , , , , , , , , , , , , , , , , , , , , , , , , , , , , , , , , , , , , , , , , , , , ,4,285
2026238N10223,2026,58,EP,MM,LOWELL,2026-08-28 18:00:00,TS,12.4,-133.1, , , ,PROVISIONAL,2450,2420,O______________,nhc_working_bt,EP122026,12.4,-133.1, ,TS,40,1003,0,0,0,60,50, , , , , , , , ,1009,120,50, , , , , , , , , , , , , , , , , , , , , , , , , , , , , , , , , , , , , , , , , , , , , , , , , , , , , , , , , , , , , , , , , , , , , , , , , , , , , , , , , , , , , , , , , , , , , , , , , , , , , , , , , , , , , , , , , , , , , , , , , ,50, , , , , , , , , ,6,270
2026238N10223,2026,58,EP,MM,LOWELL,2026-08-28 21:00:00,TS,12.4,-133.4, , , ,PROVISIONAL,2420,2379,P______________, ,EP122026,12.4,-133.4, ,TS,40,1003,0,0,0,60,50, , , , , , , , ,1009,135,50, , , , , , , , , , , , , , , , , , , , , , , , , , , , , , , , , , , , , , , , , , , , , , , , , , , , , , , , , , , , , , , , , , , , , , , , , , , , , , , , , , , , , , , , , , , , , , , , , , , , , , , , , , , , , , , , , , , , , , , , , , , , , , , , , , , ,7,270
2026238N10223,2026,58,EP,MM,LOWELL,2026-08-29 00:00:00,TS,12.4,-133.8, , , ,PROVISIONAL,2379,2345,O______________,nhc_working_bt,EP122026,12.4,-133.8, ,TS,40,1003,0,0,0,60,50, , , , , , , , ,1009,150,50, , , , , , , , , , , , , , , , , , , , , , , , , , , , , , , , , , , , , , , , , , , , , , , , , , , , , , , , , , , , , , , , , , , , , , , , , , , , , , , , , , , , , , , , , , , , , , , , , , , , , , , , , , , , , , , , , , , , , , , , , ,50, , , , ,12, ,60, , ,7,280
2026238N10223,2026,58,EP,MM,LOWELL,2026-08-29 03:00:00,TS,12.5,-134.1, , , ,PROVISIONAL,2345,2300,P______________, ,EP122026,12.5,-134.1, ,TS,40,1003,0,0,0,60,50, , , , , , , , ,1009,150,50, , , , , , , , , , , , , , , , , , , , , , , , , , , , , , , , , , , , , , , , , , , , , , , , , , , , , , , , , , , , , , , , , , , , , , , , , , , , , , , , , , , , , , , , , , , , , , , , , , , , , , , , , , , , , , , , , , , , , , , , , , , , , , ,12, ,60, , ,7,285
2026238N10223,2026,58,EP,MM,LOWELL,2026-08-29 06:00:00,TS,12.6,-134.5, , , ,PROVISIONAL,2300,2266,O______________,nhc_working_bt,EP122026,12.6,-134.5, ,TS,40,1003,0,0,0,60,50, , , , , , , , ,1009,150,50, , , , , , , , , , , , , , , , , , , , , , , , , , , , , , , , , , , , , , , , , , , , , , , , , , , , , , , , , , , , , , , , , , , , , , , , , , , , , , , , , , , , , , , , , , , , , , , , , , , , , , , , , , , , , , , , , , , , , , , , , ,50, , , , ,12,60,60, , ,7,285
2026238N10223,2026,58,EP,MM,LOWELL,2026-08-29 09:00:00,TS,12.7,-134.8, , , ,PROVISIONAL,2266,2222,P______________, ,EP122026,12.7,-134.9, ,TS,40,1003,0,0,0,60,50, , , , , , , , ,1009,150,50, , , , , , , , , , , , , , , , , , , , , , , , , , , , , , , , , , , , , , , , , , , , , , , , , , , , , , , , , , , , , , , , , , , , , , , , , , , , , , , , , , , , , , , , , , , , , , , , , , , , , , , , , , , , , , , , , , , , , , , , , , , , , , ,12,60,60, , ,7,285
2026238N10223,2026,58,EP,MM,LOWELL,2026-08-29 12:00:00,TS,12.8,-135.2, , , ,PROVISIONAL,2222,2167,O______________,nhc_working_bt,EP122026,12.9,-135.3, ,TS,40,1003,0,0,0,60,50, , , , , , , , ,1009,150,50, , , , , , , , , , , , , , , , , , , , , , , , , , , , , , , , , , , , , , , , , , , , , , , , , , , , , , , , , , , , , , , , , , , , , , , , , , , , , , , , , , , , , , , , , , , , , , , , , , , , , , , , , , , , , , , , , , , , , , , , , ,50, , , , ,12,60,60, , ,10,285
2026238N10223,2026,58,EP,MM,LOWELL,2026-08-29 15:00:00,TS,12.9,-135.8, , , ,PROVISIONAL,2157,2089,P______________, ,EP122026,13.0,-135.8, ,TS,40,1003,0,0,0,60,50, , , , , , , , ,1009,150,50, , , , , , , , , , , , , , , , , , , , , , , , , , , , , , , , , , , , , , , , , , , , , , , , , , , , , , , , , , , , , , , , , , , , , , , , , , , , , , , , , , , , , , , , , , , , , , , , , , , , , , , , , , , , , , , , , , , , , , , , , , , , , , ,12,45,45, , ,12,285
2026238N10223,2026,58,EP,MM,LOWELL,2026-08-29 18:00:00,TS,13.1,-136.4, , , ,PROVISIONAL,2089,2024,O______________,nhc_working_bt,EP122026,13.1,-136.4, ,TS,40,1003,0,0,0,60,50, , , , , , , , ,1009,150,50, , , , , , , , , , , , , , , , , , , , , , , , , , , , , , , , , , , , , , , , , , , , , , , , , , , , , , , , , , , , , , , , , , , , , , , , , , , , , , , , , , , , , , , , , , , , , , , , , , , , , , , , , , , , , , , , , , , , , , , , , ,50, , , , ,12,30,30,30,60,12,280
2026238N10223,2026,58,EP,MM,LOWELL,2026-08-29 21:00:00,TS,13.2,-137.0, , , ,PROVISIONAL,2024,1964,P______________, ,EP122026,13.2,-137.0, ,TS,43,1002,0,0,0,60,55, , , , , , , , ,1009,150,50, , , , , , , , , , , , , , , , , , , , , , , , , , , , , , , , , , , , , , , , , , , , , , , , , , , , , , , , , , , , , , , , , , , , , , , , , , , , , , , , , , , , , , , , , , , , , , , , , , , , , , , , , , , , , , , , , , , , , , , , , , , , , , ,12,30,30,30,60,12,275
2026238N10223,2026,58,EP,MM,LOWELL,2026-08-30 00:00:00,TS,13.2,-137.6, , , ,PROVISIONAL,1964,1915,O______________,nhc_working_bt,EP122026,13.2,-137.6, ,TS,45,1001,0,0,0,60,60, , , , , , , , ,1009,150,50, , , , , , , , , , , , , , , , , , , , , , , , , , , , , , , , , , , , , , , , , , , , , , , , , , , , , , , , , , , , , , , , , , , , , , , , , , , , , , , , , , , , , , , , , , , , , , , , , , , , , , , , , , , , , , , , , , , , , , , , , ,50, , , , ,12,30,30,30,60,11,270
2026238N10223,2026,58,EP,MM,LOWELL,2026-08-30 03:00:00,TS,13.2,-138.1, , , ,PROVISIONAL,1915,1865,P______________, ,EP122026,13.2,-138.1, ,TS,45,1001,0,0,0,60,60, , , , , , , , ,1009,160,50, , , , , , , , , , , , , , , , , , , , , , , , , , , , , , , , , , , , , , , , , , , , , , , , , , , , , , , , , , , , , , , , , , , , , , , , , , , , , , , , , , , , , , , , , , , , , , , , , , , , , , , , , , , , , , , , , , , , , , , , , , , , , , ,12,30,30,30,60,10,270
2026238N10223,2026,58,EP,MM,LOWELL,2026-08-30 06:00:00,TS,13.2,-138.6, , , ,PROVISIONAL,1865,1816,O______________,nhc_working_bt,EP122026,13.2,-138.6, ,TS,45,1000,0,0,0,60,60, , , , , , , , ,1009,170,50, , , , , , , , , , , , , , , , , , , , , , , , , , , , , , , , , , , , , , , , , , , , , , , , , , , , , , , , , , , , , , , , , , , , , , , , , , , , , , , , , , , , , , , , , , , , , , , , , , , , , , , , , , , , , , , , , , , , , , , , , ,55, , , , ,12,30,30,30,60,10,275
2026238N10223,2026,58,EP,MM,LOWELL,2026-08-30 09:00:00,TS,13.2,-139.2, , , ,PROVISIONAL,1806,1743,P______________, ,EP122026,13.2,-139.2, ,TS,45,1000,0,0,0,60,60, , , , , , , , ,1009,170,50, , , , , , , , , , , , , , , , , , , , , , , , , , , , , , , , , , , , , , , , , , , , , , , , , , , , , , , , , , , , , , , , , , , , , , , , , , , , , , , , , , , , , , , , , , , , , , , , , , , , , , , , , , , , , , , , , , , , , , , , , , , , , , ,12,30,30,30,60,12,275
2026238N10223,2026,58,EP,MM,LOWELL,2026-08-30 12:00:00,TS,13.3,-139.8, , , ,PROVISIONAL,1743,1675,O______________,nhc_working_bt,EP122026,13.3,-139.8, ,TS,45,1000,0,0,0,60,60, , , , , , , , ,1009,170,50, , , , , , , , , , , , , , , , , , , , , , , , , , , , , , , , , , , , , , , , , , , , , , , , , , , , , , , , , , , , , , , , , , , , , , , , , , , , , , , , , , , , , , , , , , , , , , , , , , , , , , , , , , , , , , , , , , , , , , , , , ,55, , , , ,12,30,30,30,60,13,275
2026238N10223,2026,58,EP,CP,LOWELL,2026-08-30 15:00:00,TS,13.3,-140.5, , , ,PROVISIONAL,1675,1597,P______________, ,EP122026,13.3,-140.5, ,TS,45,1000,0,0,0,60,60, , , , , , , , ,1009,170,50, , , , , , , , , , , , , , , , , , , , , , , , , , , , , , , , , , , , , , , , , , , , , , , , , , , , , , , , , , , , , , , , , , , , , , , , , , , , , , , , , , , , , , , , , , , , , , , , , , , , , , , , , , , , , , , , , , , , , , , , , , , , , , ,12, , ,45,45,15,270
2026238N10223,2026,58,EP,CP,LOWELL,2026-08-30 18:00:00,TS,13.3,-141.3, , , ,PROVISIONAL,1597,1521,O______________,nhc_working_bt,EP122026,13.3,-141.3, ,TS,45,999,0,0,0,60,60, , , , , , , , ,1009,170,50, , , , , , , , , , , , , , , , , , , , , , , , , , , , , , , , , , , , , , , , , , , , , , , , , , , , , , , , , , , , , , , , , , , , , , , , , , , , , , , , , , , , , , , , , , , , , , , , , , , , , , , , , , , , , , , , , , , , , , , , , ,55, , , , ,12, , ,60,30,15,270
2026238N10223,2026,58,EP,CP,LOWELL,2026-08-30 21:00:00,TS,13.3,-142.1, , , ,PROVISIONAL,1521,1461,P______________, ,EP122026,13.3,-142.1, ,TS,45,999,0,15,15,60,60, , , , , , , , ,1009,170,50, , , , , , , , , , , , , , , , , , , , , , , , , , , , , , , , , , , , , , , , , , , , , , , , , , , , , , , , , , , , , , , , , , , , , , , , , , , , , , , , , , , , , , , , , , , , , , , , , , , , , , , , , , , , , , , , , , , , , , , , , , , , , , ,12, , ,60,30,15,265
2026238N10223,2026,58,EP,CP,LOWELL,2026-08-31 00:00:00,TS,13.2,-142.8, , , ,PROVISIONAL,1461,1429,O______________,nhc_working_bt,EP122026,13.2,-142.8, ,TS,45,999,0,30,30,60,60, , , , , , , , ,1009,170,50, , , , , , , , , , , , , , , , , , , , , , , , , , , , , , , , , , , , , , , , , , , , , , , , , , , , , , , , , , , , , , , , , , , , , , , , , , , , , , , , , , , , , , , , , , , , , , , , , , , , , , , , , , , , , , , , , , , , , , , , , ,55, , , , ,12,30, ,60,30,11,260
2026238N10223,2026,58,EP,CP,LOWELL,2026-08-31 03:00:00,TS,13.1,-143.2, , , ,PROVISIONAL,1429,1389,P______________, ,EP122026,13.1,-143.2, ,TS,48,998,0,30,30,60,60, , , , , , , , ,1010,180,35, , , , , , , , , , , , , , , , , , , , , , , , , , , , , , , , , , , , , , , , , , , , , , , , , , , , , , , , , , , , , , , , , , , , , , , , , , , , , , , , , , , , , , , , , , , , , , , , , , , , , , , , , , , , , , , , , , , , , , , , , , , , , , ,12,38, ,60,38,9,255
2026238N10223,2026,58,EP,CP,LOWELL,2026-08-31 06:00:00,TS,13.0,-143.7, , , ,PROVISIONAL,1389,1333,O______________,nhc_working_bt,EP122026,13.0,-143.7, ,TS,50,997,0,30,30,60,60,0,0,0,20, , , , ,1010,190,20, , , , , , , , , , , , , , , , , , , , , , , , , , , , , , , , , , , , , , , , , , , , , , , , , , , , , , , , , , , , , , , , , , , , , , , , , , , , , , , , , , , , , , , , , , , , , , , , , , , , , , , , , , , , , , , , , , , , , , , , , ,60, , , , ,12,45, ,60,45,12,260
2026238N10223,2026,58,EP,CP,LOWELL,2026-08-31 09:00:00,TS,12.9,-144.5, , , ,PROVISIONAL,1324,1269,P______________, ,EP122026,12.9,-144.5, ,TS,53,996,0,35,35,65,70,13,0,0,23, , , , ,1010,190,20, , , , , , , , , , , , , , , , , , , , , , , , , , , , , , , , , , , , , , , , , , , , , , , , , , , , , , , , , , , , , , , , , , , , , , , , , , , , , , , , , , , , , , , , , , , , , , , , , , , , , , , , , , , , , , , , , , , , , , , , , , , , , , ,12,53, ,45,45,15,260
2026238N10223,2026,58,EP,CP,LOWELL,2026-08-31 12:00:00,TS,12.8,-145.2, , , ,PROVISIONAL,1269,1235,O______________,nhc_working_bt,EP122026,12.8,-145.2, ,TS,55,995,0,40,40,70,80,25,0,0,25, , , , ,1010,190,20, , , , , , , , , , , , , , , , , , , , , , , , , , , , , , , , , , , , , , , , , , , , , , , , , , , , , , , , , , , , , , , , , , , , , , , , , , , , , , , , , , , , , , , , , , , , , , , , , , , , , , , , , , , , , , , , , , , , , , , , , ,65, , , , ,12,60,30,30,45,12,265
2026238N10223,2026,58,EP,CP,LOWELL,2026-08-31 15:00:00,TS,12.8,-145.6, , , ,PROVISIONAL,1235,1202,P______________, ,EP122026,12.8,-145.6, ,TS,55,995,0,40,40,70,80,25,0,0,25, , , , ,1010,190,20, , , , , , , , , , , , , , , , , , , , , , , , , , , , , , , , , , , , , , , , , , , , , , , , , , , , , , , , , , , , , , , , , , , , , , , , , , , , , , , , , , , , , , , , , , , , , , , , , , , , , , , , , , , , , , , , , , , , , , , , , , , , , , ,12,60,30,30,45,8,270
2026238N10223,2026,58,EP,CP,LOWELL,2026-08-31 18:00:00,TS,12.8,-146.0, , , ,PROVISIONAL,1202,1168,O______________,nhc_working_bt,EP122026,12.8,-146.0, ,TS,55,995,0,40,40,70,80,25,0,0,25, , , , ,1010,190,20, , , , , , , , , , , , , , , , , , , , , , , , , , , , , , , , , , , , , , , , , , , , , , , , , , , , , , , , , , , , , , , , , , , , , , , , , , , , , , , , , , , , , , , , , , , , , , , , , , , , , , , , , , , , , , , , , , , , , , , , , ,65, , , , ,12,60,30,30,45,8,275
2026238N10223,2026,58,EP,CP,LOWELL,2026-08-31 21:00:00,TS,12.8,-146.5, , , ,PROVISIONAL,1160,1112,P______________, ,EP122026,12.8,-146.5, ,TS,55,995,0,40,40,70,80,25,0,0,25, , , , ,1010,190,20, , , , , , , , , , , , , , , , , , , , , , , , , , , , , , , , , , , , , , , , , , , , , , , , , , , , , , , , , , , , , , , , , , , , , , , , , , , , , , , , , , , , , , , , , , , , , , , , , , , , , , , , , , , , , , , , , , , , , , , , , , , , , , ,12,60,30,30,45,10,275
2026238N10223,2026,58,EP,CP,LOWELL,2026-09-01 00:00:00,TS,12.9,-147.0, , , ,PROVISIONAL,1112,1073,O______________,nhc_working_bt,EP122026,12.9,-147.0, ,TS,55,995,0,40,40,70,80,25,0,0,25, , , , ,1010,190,20, , , , , , , , , , , , , , , , , , , , , , , , , , , , , , , , , , , , , , , , , , , , , , , , , , , , , , , , , , , , , , , , , , , , , , , , , , , , , , , , , , , , , , , , , , , , , , , , , , , , , , , , , , , , , , , , , , , , , , , , , ,65, , , , ,12,60,30,30,45,11,275
2026238N10223,2026,58,EP,CP,LOWELL,2026-09-01 03:00:00,TS,12.9,-147.6, , , ,PROVISIONAL,1065,1019,P______________, ,EP122026,12.9,-147.6, ,TS,58,994,0,40,40,70,80,25,0,0,25, , , , ,1010,205,20, , , , , , , , , , , , , , , , , , , , , , , , , , , , , , , , , , , , , , , , , , , , , , , , , , , , , , , , , , , , , , , , , , , , , , , , , , , , , , , , , , , , , , , , , , , , , , , , , , , , , , , , , , , , , , , , , , , , , , , , , , , , , , ,12,75,53,53,60,11,275
2026238N10223,2026,58,EP,CP,LOWELL,2026-09-01 06:00:00,TS,13.0,-148.1, , , ,PROVISIONAL,1019,973,O______________,nhc_working_bt,EP122026,13.0,-148.1, ,TS,60,993,0,40,40,70,80,25,0,0,25, , , , ,1010,220,20, , , , , , , , , , , , , , , , , , , , , , , , , , , , , , , , , , , , , , , , , , , , , , , , , , , , , , , , , , , , , , , , , , , , , , , , , , , , , , , , , , , , , , , , , , , , , , , , , , , , , , , , , , , , , , , , , , , , , , , , , ,75, , , , ,12,90,75,75,75,10,285
2026238N10223,2026,58,EP,CP,LOWELL,2026-09-01 09:00:00,TS,13.2,-148.5, , , ,PROVISIONAL,973,927,P______________, ,EP122026,13.1,-148.5, ,TS,63,989,0,45,45,70,80,25,10,0,23, , , , ,1010,225,18, , , , , , , , , , , , , , , , , , , , , , , , , , , , , , , , , , , , , , , , , , , , , , , , , , , , , , , , , , , , , , , , , , , , , , , , , , , , , , , , , , , , , , , , , , , , , , , , , , , , , , , , , , , , , , , , , , , , , , , , , , , , , , ,12,90,75,75,83,9,295
2026238N10223,2026,58,EP,CP,LOWELL,2026-09-01 12:00:00,TS,13.4,-149.0, , , ,PROVISIONAL,919,882,O______________,nhc_working_bt,EP122026,13.3,-148.9, ,HU,65,985,1,50,50,70,80,25,20,0,20,15,0,0,0,1010,230,15, , , , , , , , , , , , , , , , , , , , , , , , , , , , , , , , , , , , , , , , , , , , , , , , , , , , , , , , , , , , , , , , , , , , , , , , , , , , , , , , , , , , , , , , , , , , , , , , , , , , , , , , , , , , , , , , , , , , , , , , , ,80, , , , ,12,90,75,75,90,9,290
2026238N10223,2026,58,EP,CP,LOWELL,2026-09-01 15:00:00,TS,13.5,-149.4, , , ,PROVISIONAL,882,846,P______________, ,EP122026,13.4,-149.4, ,HU,73,981,1,60,65,75,80,28,25,15,25,18,10,10,10,1010,230,13, , , , , , , , , , , , , , , , , , , , , , , , , , , , , , , , , , , , , , , , , , , , , , , , , , , , , , , , , , , , , , , , , , , , , , , , , , , , , , , , , , , , , , , , , , , , , , , , , , , , , , , , , , , , , , , , , , , , , , , , , , , , , , ,12,90,75,75,90,9,280
2026238N10223,2026,58,EP,CP,LOWELL,2026-09-01 18:00:00,TS,13.5,-149.9, , , ,PROVISIONAL,846,820,O______________,nhc_working_bt,EP122026,13.5,-149.9, ,HU,80,977,1,70,80,80,80,30,30,30,30,20,20,20,20,1010,230,10, , , , , , , , , , , , , , , , , , , , , , , , , , , , , , , , , , , , , , , , , , , , , , , , , , , , , , , , , , , , , , , , , , , , , , , , , , , , , , , , , , , , , , , , , , , , , , , , , , , , , , , , , , , , , , , , , , , , , , , , , ,100, , , , ,12,90,75,75,90,9,275
2026238N10223,2026,58,EP,CP,LOWELL,2026-09-01 21:00:00,TS,13.5,-150.4, , , ,PROVISIONAL,813,788,P______________, ,EP122026,13.5,-150.4, ,HU,95,967,2,70,80,80,80,30,30,30,30,20,20,20,20,1009,235,10, , , , , , , , , , , , , , , , , , , , , , , , , , , , , , , , , , , , , , , , , , , , , , , , , , , , , , , , , , , , , , , , , , , , , , , , , , , , , , , , , , , , , , , , , , , , , , , , , , , , , , , , , , , , , , , , , , , , , , , , , , , , , , ,12,90,75,75,90,9,270
2026238N10223,2026,58,EP,CP,LOWELL,2026-09-02 00:00:00,TS,13.5,-150.8, , , ,PROVISIONAL,788,765,O______________,nhc_working_bt,EP122026,13.5,-150.8, ,HU,110,957,3,70,80,80,80,30,30,30,30,20,20,20,20,1008,240,10, , , , , , , , , , , , , , , , , , , , , , , , , , , , , , , , , , , , , , , , , , , , , , , , , , , , , , , , , , , , , , , , , , , , , , , , , , , , , , , , , , , , , , , , , , , , , , , , , , , , , , , , , , , , , , , , , , , , , , , , , ,135, , , , ,12,90,75,75,90,9,270
2026238N10223,2026,58,EP,CP,LOWELL,2026-09-02 03:00:00,TS,13.5,-151.2, , , ,PROVISIONAL,765,738,P______________, ,EP122026,13.5,-151.2, ,HU,115,951,4,75,75,75,80,38,33,30,35,25,23,20,25,1008,240,10, , , , , , , , , , , , , , , , , , , , , , , , , , , , , , , , , , , , , , , , , , , , , , , , , , , , , , , , , , , , , , , , , , , , , , , , , , , , , , , , , , , , , , , , , , , , , , , , , , , , , , , , , , , , , , , , , , , , , , , , , , , , , , ,12,120,90,90,105,9,270
2026238N10223,2026,58,EP,CP,LOWELL,2026-09-02 06:00:00,TS,13.5,-151.7, , , ,PROVISIONAL,738,710,O______________,nhc_working_bt,EP122026,13.5,-151.7, ,HU,120,945,4,80,70,70,80,45,35,30,40,30,25,20,30,1008,240,10, , , , , , , , , , , , , , , , , , , , , , , , , , , , , , , , , , , , , , , , , , , , , , , , , , , , , , , , , , , , , , , , , , , , , , , , , , , , , , , , , , , , , , , , , , , , , , , , , , , , , , , , , , , , , , , , , , , , , , , , , ,145, , , , ,12,150,105,105,120,9,265
2026238N10223,2026,58,EP,CP,LOWELL,2026-09-02 09:00:00,TS,13.5,-152.2, , , ,PROVISIONAL,710,693,P______________, ,EP122026,13.5,-152.2, ,HU,125,941,4,80,65,65,80,43,35,30,40,30,25,20,30,1009,240,10, , , , , , , , , , , , , , , , , , , , , , , , , , , , , , , , , , , , , , , , , , , , , , , , , , , , , , , , , , , , , , , , , , , , , , , , , , , , , , , , , , , , , , , , , , , , , , , , , , , , , , , , , , , , , , , , , , , , , , , , , , , , , , ,12,158,113,105,135,10,265
2026238N10223,2026,58,EP,CP,LOWELL,2026-09-02 12:00:00,TS,13.4,-152.7, , , ,PROVISIONAL,693,675,O______________,nhc_working_bt,EP122026,13.4,-152.7, ,HU,130,937,4,80,60,60,80,40,35,30,40,30,25,20,30,1009,240,10, , , , , , , , , , , , , , , , , , , , , , , , , , , , , , , , , , , , , , , , , , , , , , , , , , , , , , , , , , , , , , , , , , , , , , , , , , , , , , , , , , , , , , , , , , , , , , , , , , , , , , , , , , , , , , , , , , , , , , , , , ,160, , , , ,12,165,120,105,150,10,265
2026238N10223,2026,58,EP,CP,LOWELL,2026-09-02 15:00:00,TS,13.3,-153.2, , , ,PROVISIONAL,681,662,P______________, ,EP122026,13.3,-153.2, ,HU,135,932,4,80,60,60,80,40,35,30,40,30,25,20,30,1010,240,10, , , , , , , , , , , , , , , , , , , , , , , , , , , , , , , , , , , , , , , , , , , , , , , , , , , , , , , , , , , , , , , , , , , , , , , , , , , , , , , , , , , , , , , , , , , , , , , , , , , , , , , , , , , , , , , , , , , , , , , , , , , , , , ,12,173,125,110,165,10,265
2026238N10223,2026,58,EP,CP,LOWELL,2026-09-02 18:00:00,TS,13.3,-153.7, , , ,PROVISIONAL,662,646,O______________,nhc_working_bt,EP122026,13.3,-153.7, ,HU,140,927,5,80,60,60,80,40,35,30,40,30,25,20,30,1010,240,10, , , , , , , , , , , , , , , , , , , , , , , , , , , , , , , , , , , , , , , , , , , , , , , , , , , , , , , , , , , , , , , , , , , , , , , , , , , , , , , , , , , , , , , , , , , , , , , , , , , , , , , , , , , , , , , , , , , , , , , , , ,170, , , , ,12,180,130,115,180,10,265
2026238N10223,2026,58,EP,CP,LOWELL,2026-09-02 21:00:00,TS,13.3,-154.2, , , ,PROVISIONAL,646,635,P______________, ,EP122026,13.3,-154.2, ,HU,138,930,5,80,60,60,80,40,35,30,40,30,25,20,30,1010,240,10, , , , , , , , , , , , , , , , , , , , , , , , , , , , , , , , , , , , , , , , , , , , , , , , , , , , , , , , , , , , , , , , , , , , , , , , , , , , , , , , , , , , , , , , , , , , , , , , , , , , , , , , , , , , , , , , , , , , , , , , , , , , , , ,12,180,125,118,165,10,270
2026238N10223,2026,58,EP,CP,LOWELL,2026-09-03 00:00:00,TS,13.3,-154.7, , , ,PROVISIONAL,635, ,O______________,nhc_working_bt,EP122026,13.3,-154.7, ,HU,135,932,4,80,60,60,80,40,35,30,40,30,25,20,30,1009,240,10, , , , , , , , , , , , , , , , , , , , , , , , , , , , , , , , , , , , , , , , , , , , , , , , , , , , , , , , , , , , , , , , , , , , , , , , , , , , , , , , , , , , , , , , , , , , , , , , , , , , , , , , , , , , , , , , , , , , , , , , , ,165, , , , ,12,180,120,120,150,10,270
2026238N17161,2026,59,WP,MM,BANG-LANG,2026-08-26 06:00:00,NR,17.2,161.3, , , ,PROVISIONAL,2504,2494,O______________,tcvitals,WP202026,17.2,161.3, , ,25,1006,-1, , , , , , , , , , , , ,1008,190,20, , , , , , , , , , , , , , , , , , , , , , , , , , , , , , , , , , , , , , , , , , , , , , , , , , , , , , , , , , , , , , , , , , , , , , , , , , , , , , , , , , , , , , , , , , , , , , , , , , , , , , , , , , , , , , , , , , , , , , , , , , , , , , , , , , , ,3,265
2026238N17161,2026,59,WP,MM,BANG-LANG,2026-08-26 09:00:00,NR,17.2,161.1, , , ,PROVISIONAL,2494,2489,P______________, ,WP202026,17.2,161.1, , ,27,1006,-1, , , , , , , , , , , , ,1009,135,18, , , , , , , , , , , , , , , , , , , , , , , , , , , , , , , , , , , , , , , , , , , , , , , , , , , , , , , , , , , , , , , , , , , , , , , , , , , , , , , , , , , , , , , , , , , , , , , , , , , , , , , , , , , , , , , , , , , , , , , , , , , , , , , , , , , ,3,270
2026238N17161,2026,59,WP,MM,BANG-LANG,2026-08-26 12:00:00,NR,17.2,161.0, , , ,PROVISIONAL,2489,2484,O______________,tcvitals,WP202026,17.2,161.0, , ,29,1005,-1, , , , , , , , , , , , ,1009,80,15, , , , , , , , , , , , , , , , , , , , , , , , , , , , , , , , , , , , , , , , , , , , , , , , , , , , , , , , , , , , , , , , , , , , , , , , , , , , , , , , , , , , , , , , , , , , , , , , , , , , , , , , , , , , , , , , , , , , , , , , , , , , , , , , , , , ,2,285
2026238N17161,2026,59,WP,MM,BANG-LANG,2026-08-26 15:00:00,NR,17.2,160.9, , , ,PROVISIONAL,2484,2484,P______________, ,WP202026,17.2,160.9, , ,29,1004,-1, , , , , , , , , , , , ,1009,83,15, , , , , , , , , , , , , , , , , , , , , , , , , , , , , , , , , , , , , , , , , , , , , , , , , , , , , , , , , , , , , , , , , , , , , , , , , , , , , , , , , , , , , , , , , , , , , , , , , , , , , , , , , , , , , , , , , , , , , , , , , , , , , , , , , , , ,0,0
2026238N17161,2026,59,WP,MM,BANG-LANG,2026-08-26 18:00:00,NR,17.2,161.0, , , ,PROVISIONAL,2489,2474,O______________,tcvitals,WP202026,17.2,161.0, , ,29,1002,-1, , , , , , , , , , , , ,1008,85,15, , , , , , , , , , , , , , , , , , , , , , , , , , , , , , , , , , , , , , , , , , , , , , , , , , , , , , , , , , , , , , , , , , , , , , , , , , , , , , , , , , , , , , , , , , , , , , , , , , , , , , , , , , , , , , , , , , , , , , , , , , , , , , , , , , , ,3,150
2026238N17161,2026,59,WP,MM,BANG-LANG,2026-08-26 21:00:00,NR,16.9,161.1, , , ,PROVISIONAL,2464,2455,P______________, ,WP202026,16.9,161.1, , ,29,1002,-1, , , , , , , , , , , , ,1008,85,15, , , , , , , , , , , , , , , , , , , , , , , , , , , , , , , , , , , , , , , , , , , , , , , , , , , , , , , , , , , , , , , , , , , , , , , , , , , , , , , , , , , , , , , , , , , , , , , , , , , , , , , , , , , , , , , , , , , , , , , , , , , , , , , , , , , ,6,140
2026238N17161,2026,59,WP,MM,BANG-LANG,2026-08-27 00:00:00,NR,16.7,161.4, , , ,PROVISIONAL,2460,2460,O______________,tcvitals,WP202026,16.7,161.4, , ,29,1002,-1, , , , , , , , , , , , ,1008,85,15, , , , , , , , , , , , , , , , , , , , , , , , , , , , , , , , , , , , , , , , , , , , , , , , , , , , , , , , , , , , , , , , , , , , , , , , , , , , , , , , , , , , , , , , , , , , , , , , , , , , , , , , , , , , , , , , , , , , , , , , , , , , , , , , , , , ,7,115
2026238N17161,2026,59,WP,MM,BANG-LANG,2026-08-27 03:00:00,NR,16.6,161.8, , , ,PROVISIONAL,2470,2470,P______________, ,WP202026,16.6,161.8, , ,32,1001,-1, , , , , , , , , , , , ,1008,98,15, , , , , , , , , , , , , , , , , , , , , , , , , , , , , , , , , , , , , , , , , , , , , , , , , , , , , , , , , , , , , , , , , , , , , , , , , , , , , , , , , , , , , , , , , , , , , , , , , , , , , , , , , , , , , , , , , , , , , , , , , , , , , , , , , , , ,9,90
2026238N17161,2026,59,WP,MM,BANG-LANG,2026-08-27 06:00:00,NR,16.7,162.3, , , ,PROVISIONAL,2505,2505,O______________,tcvitals,WP202026,16.7,162.3, , ,35,1000,0,40,40,40,40, , , , , , , , ,1007,110,15, , , , , , , , , , , , , , , , , , , , , , , , , , , , , , , , , , , , , , , , , , , , , , , , , , , , , , , , , , , , , , , , , , , , , , , , , , , , , , , , , , , , , , , , , , , , , , , , , , , , , , , , , , , , , , , , , , , , , , , , , , , , , , , , , , , ,10,75
2026238N17161,2026,59,WP,MM,BANG-LANG,2026-08-27 09:00:00,NR,16.9,162.8, , , ,PROVISIONAL,2551,2551,P______________, ,WP202026,16.9,162.8, , ,40,999,0,33,33,33,33, , , , , , , , ,1008,100,13, , , , , , , , , , , , , , , , , , , , , , , , , , , , , , , , , , , , , , , , , , , , , , , , , , , , , , , , , , , , , , , , , , , , , , , , , , , , , , , , , , , , , , , , , , , , , , , , , , , , , , , , , , , , , , , , , , , , , , , , , , , , , , , , , , , ,10,65
2026238N17161,2026,59,WP,MM,BANG-LANG,2026-08-27 12:00:00,NR,17.1,163.3, , , ,PROVISIONAL,2597,2597,O______________,tcvitals,WP202026,17.1,163.3, , ,45,997,0,25,25,25,25, , , , , , , , ,1008,90,10, , , , , , , , , , , , , , , , , , , , , , , , , , , , , , , , , , , , , , , , , , , , , , , , , , , , , , , , , , , , , , , , , , , , , , , , , , , , , , , , , , , , , , , , , , , , , , , , , , , , , , , , , , , , , , , , , , , , , , , , , , , , , , , , , , , ,10,65
2026238N17161,2026,59,WP,MM,BANG-LANG,2026-08-27 15:00:00,NR,17.3,163.7, , , ,PROVISIONAL,2639,2639,P______________, ,WP202026,17.3,163.7, , ,50,994,0,25,25,25,25, , , , , , , , ,1007,90,10, , , , , , , , , , , , , , , , , , , , , , , , , , , , , , , , , , , , , , , , , , , , , , , , , , , , , , , , , , , , , , , , , , , , , , , , , , , , , , , , , , , , , , , , , , , , , , , , , , , , , , , , , , , , , , , , , , , , , , , , , , , , , , , , , , , ,9,60
2026238N17161,2026,59,WP,MM,BANG-LANG,2026-08-27 18:00:00,NR,17.5,164.1, , , ,PROVISIONAL,2680,2680,O______________,tcvitals,WP202026,17.5,164.1, , ,54,990,0,25,25,25,25, , , , , , , , ,1006,90,10, , , , , , , , , , , , , , , , , , , , , , , , , , , , , , , , , , , , , , , , , , , , , , , , , , , , , , , , , , , , , , , , , , , , , , , , , , , , , , , , , , , , , , , , , , , , , , , , , , , , , , , , , , , , , , , , , , , , , , , , , , , , , , , , , , , ,10,55
2026238N17161,2026,59,WP,MM,BANG-LANG,2026-08-27 21:00:00,NR,17.8,164.5, , , ,PROVISIONAL,2731,2731,P______________, ,WP202026,17.8,164.5, , ,57,990,0,33,30,30,30, , , , , , , , ,1007,100,10, , , , , , , , , , , , , , , , , , , , , , , , , , , , , , , , , , , , , , , , , , , , , , , , , , , , , , , , , , , , , , , , , , , , , , , , , , , , , , , , , , , , , , , , , , , , , , , , , , , , , , , , , , , , , , , , , , , , , , , , , , , , , , , , , , , ,10,45
2026238N17161,2026,59,WP,MM,BANG-LANG,2026-08-28 00:00:00,NR,18.2,164.9, , , ,PROVISIONAL,2792,2792,O______________,tcvitals,WP202026,18.2,164.9, , ,60,989,0,40,35,35,35, , , , , , , , ,1007,110,10, , , , , , , , , , , , , , , , , , , , , , , , , , , , , , , , , , , , , , , , , , , , , , , , , , , , , , , , , , , , , , , , , , , , , , , , , , , , , , , , , , , , , , , , , , , , , , , , , , , , , , , , , , , , , , , , , , , , , , , , , , , , , , , , , , , ,8,40
2026238N17161,2026,59,WP,MM,BANG-LANG,2026-08-28 03:00:00,NR,18.5,165.1, , , ,PROVISIONAL,2831,2831,P______________, ,WP202026,18.5,165.1, , ,60,988,0,35,38,35,33, , , , , , , , ,1006,110,10, , , , , , , , , , , , , , , , , , , , , , , , , , , , , , , , , , , , , , , , , , , , , , , , , , , , , , , , , , , , , , , , , , , , , , , , , , , , , , , , , , , , , , , , , , , , , , , , , , , , , , , , , , , , , , , , , , , , , , , , , , , , , , , , , , , ,7,30
2026238N17161,2026,59,WP,MM,BANG-LANG,2026-08-28 06:00:00,NR,18.8,165.3, , , ,PROVISIONAL,2871,2871,O______________,tcvitals,WP202026,18.8,165.3, , ,60,986,0,30,40,35,30, , , , , , , , ,1005,110,10, , , , , , , , , , , , , , , , , , , , , , , , , , , , , , , , , , , , , , , , , , , , , , , , , , , , , , , , , , , , , , , , , , , , , , , , , , , , , , , , , , , , , , , , , , , , , , , , , , , , , , , , , , , , , , , , , , , , , , , , , , , , , , , , , , , ,10,50
2026238N17161,2026,59,WP,MM,BANG-LANG,2026-08-28 09:00:00,NR,19.1,165.9, , , ,PROVISIONAL,2934,2934,P______________, ,WP202026,19.1,165.9, , ,62,985,0,30,40,35,30, , , , , , , , ,1006,110,8, , , , , , , , , , , , , , , , , , , , , , , , , , , , , , , , , , , , , , , , , , , , , , , , , , , , , , , , , , , , , , , , , , , , , , , , , , , , , , , , , , , , , , , , , , , , , , , , , , , , , , , , , , , , , , , , , , , , , , , , , , , , , , , , , , , ,13,60
2026238N17161,2026,59,WP,MM,BANG-LANG,2026-08-28 12:00:00,NR,19.5,166.5, , , ,PROVISIONAL,3006,3006,O______________,tcvitals,WP202026,19.5,166.5, , ,64,984,1,30,40,35,30, , , , , , , , ,1006,110,5, , , , , , , , , , , , , , , , , , , , , , , , , , , , , , , , , , , , , , , , , , , , , , , , , , , , , , , , , , , , , , , , , , , , , , , , , , , , , , , , , , , , , , , , , , , , , , , , , , , , , , , , , , , , , , , , , , , , , , , , , , , , , , , , , , , ,12,45
2026238N17161,2026,59,WP,MM,BANG-LANG,2026-08-28 15:00:00,NR,19.9,166.8, , , ,PROVISIONAL,3060,3052,P______________, ,WP202026,19.9,166.8, , ,64,982,1,30,40,35,30, , , , , , , , ,1005,110,5, , , , , , , , , , , , , , , , , , , , , , , , , , , , , , , , , , , , , , , , , , , , , , , , , , , , , , , , , , , , , , , , , , , , , , , , , , , , , , , , , , , , , , , , , , , , , , , , , , , , , , , , , , , , , , , , , , , , , , , , , , , , , , , , , , , ,11,25
2026238N17161,2026,59,WP,MM,BANG-LANG,2026-08-28 18:00:00,NR,20.5,167.0, , , ,PROVISIONAL,3053,3028,O______________,tcvitals,WP202026,20.5,167.0, , ,64,980,1,30,40,35,30, , , , , , , , ,1004,110,5, , , , , , , , , , , , , , , , , , , , , , , , , , , , , , , , , , , , , , , , , , , , , , , , , , , , , , , , , , , , , , , , , , , , , , , , , , , , , , , , , , , , , , , , , , , , , , , , , , , , , , , , , , , , , , , , , , , , , , , , , , , , , , , , , , , ,15,25
2026238N17161,2026,59,WP,MM,BANG-LANG,2026-08-28 21:00:00,NR,21.3,167.4, , , ,PROVISIONAL,3029,3007,P______________, ,WP202026,21.3,167.4, , ,64,981,1,30,43,33,30, , , , , , , , ,1004,110,8, , , , , , , , , , , , , , , , , , , , , , , , , , , , , , , , , , , , , , , , , , , , , , , , , , , , , , , , , , , , , , , , , , , , , , , , , , , , , , , , , , , , , , , , , , , , , , , , , , , , , , , , , , , , , , , , , , , , , , , , , , , , , , , , , , , ,19,25
2026238N17161,2026,59,WP,MM,BANG-LANG,2026-08-29 00:00:00,NR,22.2,167.8, , , ,PROVISIONAL,3002,2966,O______________,tcvitals,WP202026,22.2,167.8, , ,64,981,1,30,45,30,30, , , , , , , , ,1004,110,10, , , , , , , , , , , , , , , , , , , , , , , , , , , , , , , , , , , , , , , , , , , , , , , , , , , , , , , , , , , , , , , , , , , , , , , , , , , , , , , , , , , , , , , , , , , , , , , , , , , , , , , , , , , , , , , , , , , , , , , , , , , , , , , , , , , ,19,20
2026238N17161,2026,59,WP,MM,BANG-LANG,2026-08-29 03:00:00,NR,23.1,168.0, , , ,PROVISIONAL,2960,2927,P______________, ,WP202026,23.1,168.0, , ,69,976,1,43,58,30,30, , , , , , , , ,1003,90,10, , , , , , , , , , , , , , , , , , , , , , , , , , , , , , , , , , , , , , , , , , , , , , , , , , , , , , , , , , , , , , , , , , , , , , , , , , , , , , , , , , , , , , , , , , , , , , , , , , , , , , , , , , , , , , , , , , , , , , , , , , , , , , , , , , , ,17,10
2026238N17161,2026,59,WP,MM,BANG-LANG,2026-08-29 06:00:00,NR,23.9,168.2, , , ,PROVISIONAL,2927,2884,O______________,tcvitals,WP202026,23.9,168.2, , ,74,971,1,55,70,30,30, , , , , , , , ,1002,70,10, , , , , , , , , , , , , , , , , , , , , , , , , , , , , , , , , , , , , , , , , , , , , , , , , , , , , , , , , , , , , , , , , , , , , , , , , , , , , , , , , , , , , , , , , , , , , , , , , , , , , , , , , , , , , , , , , , , , , , , , , , , , , , , , , , , ,15,10
2026238N17161,2026,59,WP,MM,BANG-LANG,2026-08-29 09:00:00,NR,24.5,168.4, , , ,PROVISIONAL,2884,2819,P______________, ,WP202026,24.5,168.4, , ,74,971,1,65,73,30,30, , , , , , , , ,1002,73,10, , , , , , , , , , , , , , , , , , , , , , , , , , , , , , , , , , , , , , , , , , , , , , , , , , , , , , , , , , , , , , , , , , , , , , , , , , , , , , , , , , , , , , , , , , , , , , , , , , , , , , , , , , , , , , , , , , , , , , , , , , , , , , , , , , , ,15,15
2026238N17161,2026,59,WP,MM,BANG-LANG,2026-08-29 12:00:00,NR,25.3,168.6, , , ,PROVISIONAL,2819,2746,O______________,tcvitals,WP202026,25.3,168.6, , ,74,970,1,75,75,30,30, , , , , , , , ,1002,75,10, , , , , , , , , , , , , , , , , , , , , , , , , , , , , , , , , , , , , , , , , , , , , , , , , , , , , , , , , , , , , , , , , , , , , , , , , , , , , , , , , , , , , , , , , , , , , , , , , , , , , , , , , , , , , , , , , , , , , , , , , , , , , , , , , , , ,19,20
2026238N17161,2026,59,WP,MM,BANG-LANG,2026-08-29 15:00:00,NR,26.3,169.0, , , ,PROVISIONAL,2746,2635,P______________, ,WP202026,26.3,169.0, , ,69,972,1,75,75,30,30, , , , , , , , ,1002,75,10, , , , , , , , , , , , , , , , , , , , , , , , , , , , , , , , , , , , , , , , , , , , , , , , , , , , , , , , , , , , , , , , , , , , , , , , , , , , , , , , , , , , , , , , , , , , , , , , , , , , , , , , , , , , , , , , , , , , , , , , , , , , , , , , , , , ,25,15
2026238N17161,2026,59,WP,MM,BANG-LANG,2026-08-29 18:00:00,NR,27.7,169.2, , , ,PROVISIONAL,2625,2442,O______________,tcvitals,WP202026,27.7,169.2, , ,64,973,1,75,75,30,30, , , , , , , , ,1002,75,10, , , , , , , , , , , , , , , , , , , , , , , , , , , , , , , , , , , , , , , , , , , , , , , , , , , , , , , , , , , , , , , , , , , , , , , , , , , , , , , , , , , , , , , , , , , , , , , , , , , , , , , , , , , , , , , , , , , , , , , , , , , , , , , , , , , ,32,355
2026238N17161,2026,59,WP,MM,BANG-LANG,2026-08-29 21:00:00,NR,29.5,168.6, , , ,PROVISIONAL,2427,2235,P______________, ,WP202026,29.5,168.6, , ,62,976,0,75,75,30,30, , , , , , , , ,1002,75,10, , , , , , , , , , , , , , , , , , , , , , , , , , , , , , , , , , , , , , , , , , , , , , , , , , , , , , , , , , , , , , , , , , , , , , , , , , , , , , , , , , , , , , , , , , , , , , , , , , , , , , , , , , , , , , , , , , , , , , , , , , , , , , , , , , , ,38,345
2026238N17161,2026,59,WP,MM,BANG-LANG,2026-08-30 00:00:00,NR,31.3,167.9, , , ,PROVISIONAL,2226,2103,O______________,tcvitals,WP202026,31.3,167.9, , ,60,979,0,75,75,30,30, , , , , , , , ,1002,75,10, , , , , , , , , , , , , , , , , , , , , , , , , , , , , , , , , , , , , , , , , , , , , , , , , , , , , , , , , , , , , , , , , , , , , , , , , , , , , , , , , , , , , , , , , , , , , , , , , , , , , , , , , , , , , , , , , , , , , , , , , , , , , , , , , , , ,31,345
2026238N17161,2026,59,WP,MM,BANG-LANG,2026-08-30 03:00:00,NR,32.5,167.6, , , ,PROVISIONAL,2103,2017,P______________, ,WP202026,32.5,167.6, , ,53,983,0, , , , , , , , , , , , ,1001,146,10, , , , , , , , , , , , , , , , , , , , , , , , , , , , , , , , , , , , , , , , , , , , , , , , , , , , , , , , , , , , , , , , , , , , , , , , , , , , , , , , , , , , , , , , , , , , , , , , , , , , , , , , , , , , , , , , , , , , , , , , , , , , , , , , , , , ,21,345
2026238N17161,2026,59,WP,MM,BANG-LANG,2026-08-30 06:00:00,NR,33.3,167.3, , , ,PROVISIONAL,2017,1941,O______________,tcvitals,WP202026,33.3,167.3, , ,45,986,0, , , , , , , , , , , , ,1000,216,10, , , , , , , , , , , , , , , , , , , , , , , , , , , , , , , , , , , , , , , , , , , , , , , , , , , , , , , , , , , , , , , , , , , , , , , , , , , , , , , , , , , , , , , , , , , , , , , , , , , , , , , , , , , , , , , , , , , , , , , , , , , , , , , , , , , ,15,325
2026238N17161,2026,59,WP,MM,BANG-LANG,2026-08-30 09:00:00,NR,33.7,166.6, , , ,PROVISIONAL,1941,1865,P______________, ,WP202026,33.7,166.6, , ,40,990,0, , , , , , , , , , , , ,1001,138,10, , , , , , , , , , , , , , , , , , , , , , , , , , , , , , , , , , , , , , , , , , , , , , , , , , , , , , , , , , , , , , , , , , , , , , , , , , , , , , , , , , , , , , , , , , , , , , , , , , , , , , , , , , , , , , , , , , , , , , , , , , , , , , , , , , , ,14,305
2026238N17161,2026,59,WP,MM,BANG-LANG,2026-08-30 12:00:00,NR,34.1,165.9, , , ,PROVISIONAL,1865,1797,O______________,tcvitals,WP202026,34.1,165.9, , ,35,993,0, , , , , , , , , , , , ,1001,60,10, , , , , , , , , , , , , , , , , , , , , , , , , , , , , , , , , , , , , , , , , , , , , , , , , , , , , , , , , , , , , , , , , , , , , , , , , , , , , , , , , , , , , , , , , , , , , , , , , , , , , , , , , , , , , , , , , , , , , , , , , , , , , , , , , , , ,13,320
2026238N17161,2026,59,WP,MM,BANG-LANG,2026-08-30 15:00:00,NR,34.8,165.6, , , ,PROVISIONAL,1788,1718,P______________, ,WP202026,34.8,165.6, , ,32,993,-1, , , , , , , , , , , , ,1001,60,10, , , , , , , , , , , , , , , , , , , , , , , , , , , , , , , , , , , , , , , , , , , , , , , , , , , , , , , , , , , , , , , , , , , , , , , , , , , , , , , , , , , , , , , , , , , , , , , , , , , , , , , , , , , , , , , , , , , , , , , , , , , , , , , , , , , ,15,345
2026238N17161,2026,59,WP,MM,BANG-LANG,2026-08-30 18:00:00,NR,35.5,165.4, , , ,PROVISIONAL,1718,1663,O______________,tcvitals,WP202026,35.5,165.4, , ,29,993,-1, , , , , , , , , , , , ,1001,60,10, , , , , , , , , , , , , , , , , , , , , , , , , , , , , , , , , , , , , , , , , , , , , , , , , , , , , , , , , , , , , , , , , , , , , , , , , , , , , , , , , , , , , , , , , , , , , , , , , , , , , , , , , , , , , , , , , , , , , , , , , , , , , , , , , , , ,14,355
2026238N17161,2026,59,WP,MM,BANG-LANG,2026-08-30 21:00:00,NR,36.1,165.3, , , ,PROVISIONAL,1663,1616,P______________, ,WP202026,36.1,165.3, , ,29,993,-1, , , , , , , , , , , , ,1001,60,10, , , , , , , , , , , , , , , , , , , , , , , , , , , , , , , , , , , , , , , , , , , , , , , , , , , , , , , , , , , , , , , , , , , , , , , , , , , , , , , , , , , , , , , , , , , , , , , , , , , , , , , , , , , , , , , , , , , , , , , , , , , , , , , , , , , ,12,355
2026238N17161,2026,59,WP,MM,BANG-LANG,2026-08-31 00:00:00,NR,36.7,165.3, , , ,PROVISIONAL,1616, ,O______________,tcvitals,WP202026,36.7,165.3, , ,29,993,-1, , , , , , , , , , , , ,1001,60,10, , , , , , , , , , , , , , , , , , , , , , , , , , , , , , , , , , , , , , , , , , , , , , , , , , , , , , , , , , , , , , , , , , , , , , , , , , , , , , , , , , , , , , , , , , , , , , , , , , , , , , , , , , , , , , , , , , , , , , , , , , , , , , , , , , , ,11,360
2026239N20168,2026,60,WP,MM,ETAU,2026-08-27 00:00:00,NR,20.4,167.7, , , ,PROVISIONAL,3116,3103,O______________,tcvitals,WP212026,20.4,167.7, , ,29,1000,-1, , , , , , , , , , , , ,1009,105,30, , , , , , , , , , , , , , , , , , , , , , , , , , , , , , , , , , , , , , , , , , , , , , , , , , , , , , , , , , , , , , , , , , , , , , , , , , , , , , , , , , , , , , , , , , , , , , , , , , , , , , , , , , , , , , , , , , , , , , , , , , , , , , , , , , , ,9,20
2026239N20168,2026,60,WP,MM,ETAU,2026-08-27 03:00:00,NR,20.8,167.9, , , ,PROVISIONAL,3104,3085,P______________, ,WP212026,20.8,167.9, , ,34,999,0, , , , , , , , , , , , ,1008,108,30, , , , , , , , , , , , , , , , , , , , , , , , , , , , , , , , , , , , , , , , , , , , , , , , , , , , , , , , , , , , , , , , , , , , , , , , , , , , , , , , , , , , , , , , , , , , , , , , , , , , , , , , , , , , , , , , , , , , , , , , , , , , , , , , , , , ,9,20
2026239N20168,2026,60,WP,MM,ETAU,2026-08-27 06:00:00,NR,21.2,168.0, , , ,PROVISIONAL,3085,3058,O______________,tcvitals,WP212026,21.2,168.0, , ,39,998,0,70,80,40,40, , , , , , , , ,1007,110,30, , , , , , , , , , , , , , , , , , , , , , , , , , , , , , , , , , , , , , , , , , , , , , , , , , , , , , , , , , , , , , , , , , , , , , , , , , , , , , , , , , , , , , , , , , , , , , , , , , , , , , , , , , , , , , , , , , , , , , , , , , , , , , , , , , , ,8,10
2026239N20168,2026,60,WP,MM,ETAU,2026-08-27 09:00:00,NR,21.6,168.0, , , ,PROVISIONAL,3058,3031,P______________, ,WP212026,21.6,168.0, , ,39,998,0,75,85,40,40, , , , , , , , ,1008,110,30, , , , , , , , , , , , , , , , , , , , , , , , , , , , , , , , , , , , , , , , , , , , , , , , , , , , , , , , , , , , , , , , , , , , , , , , , , , , , , , , , , , , , , , , , , , , , , , , , , , , , , , , , , , , , , , , , , , , , , , , , , , , , , , , , , , ,8,0
2026239N20168,2026,60,WP,MM,ETAU,2026-08-27 12:00:00,NR,22.0,168.0, , , ,PROVISIONAL,3031,2990,O______________,tcvitals,WP212026,22.0,168.0, , ,39,998,0,80,90,40,40, , , , , , , , ,1008,110,30, , , , , , , , , , , , , , , , , , , , , , , , , , , , , , , , , , , , , , , , , , , , , , , , , , , , , , , , , , , , , , , , , , , , , , , , , , , , , , , , , , , , , , , , , , , , , , , , , , , , , , , , , , , , , , , , , , , , , , , , , , , , , , , , , , , ,10,355
2026239N20168,2026,60,WP,MM,ETAU,2026-08-27 15:00:00,NR,22.5,167.9, , , ,PROVISIONAL,2990,2943,P______________, ,WP212026,22.5,167.9, , ,42,997,0,80,90,40,40, , , , , , , , ,1008,115,28, , , , , , , , , , , , , , , , , , , , , , , , , , , , , , , , , , , , , , , , , , , , , , , , , , , , , , , , , , , , , , , , , , , , , , , , , , , , , , , , , , , , , , , , , , , , , , , , , , , , , , , , , , , , , , , , , , , , , , , , , , , , , , , , , , , ,11,350
2026239N20168,2026,60,WP,MM,ETAU,2026-08-27 18:00:00,NR,23.1,167.8, , , ,PROVISIONAL,2943,2895,O______________,tcvitals,WP212026,23.1,167.8, , ,45,995,0,80,90,40,40, , , , , , , , ,1007,120,25, , , , , , , , , , , , , , , , , , , , , , , , , , , , , , , , , , , , , , , , , , , , , , , , , , , , , , , , , , , , , , , , , , , , , , , , , , , , , , , , , , , , , , , , , , , , , , , , , , , , , , , , , , , , , , , , , , , , , , , , , , , , , , , , , , , ,12,345
2026239N20168,2026,60,WP,MM,ETAU,2026-08-27 21:00:00,NR,23.6,167.6, , , ,PROVISIONAL,2895,2847,P______________, ,WP212026,23.6,167.6, , ,45,995,0,80,90,40,40, , , , , , , , ,1007,110,25, , , , , , , , , , , , , , , , , , , , , , , , , , , , , , , , , , , , , , , , , , , , , , , , , , , , , , , , , , , , , , , , , , , , , , , , , , , , , , , , , , , , , , , , , , , , , , , , , , , , , , , , , , , , , , , , , , , , , , , , , , , , , , , , , , , ,11,340
2026239N20168,2026,60,WP,MM,ETAU,2026-08-28 00:00:00,NR,24.1,167.4, , , ,PROVISIONAL,2847,2803,O______________,tcvitals,WP212026,24.1,167.4, , ,45,994,0,80,90,40,40, , , , , , , , ,1007,100,25, , , , , , , , , , , , , , , , , , , , , , , , , , , , , , , , , , , , , , , , , , , , , , , , , , , , , , , , , , , , , , , , , , , , , , , , , , , , , , , , , , , , , , , , , , , , , , , , , , , , , , , , , , , , , , , , , , , , , , , , , , , , , , , , , , , ,9,325
2026239N20168,2026,60,WP,MM,ETAU,2026-08-28 03:00:00,NR,24.4,167.1, , , ,PROVISIONAL,2803,2766,P______________, ,WP212026,24.4,167.1, , ,45,993,0,90,105,35,35, , , , , , , , ,1006,105,33, , , , , , , , , , , , , , , , , , , , , , , , , , , , , , , , , , , , , , , , , , , , , , , , , , , , , , , , , , , , , , , , , , , , , , , , , , , , , , , , , , , , , , , , , , , , , , , , , , , , , , , , , , , , , , , , , , , , , , , , , , , , , , , , , , , ,7,310
2026239N20168,2026,60,WP,MM,ETAU,2026-08-28 06:00:00,NR,24.6,166.8, , , ,PROVISIONAL,2766,2737,O______________,tcvitals,WP212026,24.6,166.8, , ,45,992,0,100,120,30,30, , , , , , , , ,1005,110,40, , , , , , , , , , , , , , , , , , , , , , , , , , , , , , , , , , , , , , , , , , , , , , , , , , , , , , , , , , , , , , , , , , , , , , , , , , , , , , , , , , , , , , , , , , , , , , , , , , , , , , , , , , , , , , , , , , , , , , , , , , , , , , , , , , , ,6,320
2026239N20168,2026,60,WP,MM,ETAU,2026-08-28 09:00:00,NR,24.9,166.6, , , ,PROVISIONAL,2731,2704,P______________, ,WP212026,24.9,166.6, , ,45,991,0, , , , , , , , , , , , ,1006,115,40, , , , , , , , , , , , , , , , , , , , , , , , , , , , , , , , , , , , , , , , , , , , , , , , , , , , , , , , , , , , , , , , , , , , , , , , , , , , , , , , , , , , , , , , , , , , , , , , , , , , , , , , , , , , , , , , , , , , , , , , , , , , , , , , , , , ,7,335
2026239N20168,2026,60,WP,MM,ETAU,2026-08-28 12:00:00,NR,25.2,166.5, , , ,PROVISIONAL,2704,2658,O______________,tcvitals,WP212026,25.2,166.5, , ,45,990,0, , , , , , , , , , , , ,1006,120,40, , , , , , , , , , , , , , , , , , , , , , , , , , , , , , , , , , , , , , , , , , , , , , , , , , , , , , , , , , , , , , , , , , , , , , , , , , , , , , , , , , , , , , , , , , , , , , , , , , , , , , , , , , , , , , , , , , , , , , , , , , , , , , , , , , , ,9,335
2026239N20168,2026,60,WP,MM,ETAU,2026-08-28 15:00:00,NR,25.7,166.2, , , ,PROVISIONAL,2649,2599,P______________, ,WP212026,25.7,166.2, , ,45,990,0, , , , , , , , , , , , ,1006,120,40, , , , , , , , , , , , , , , , , , , , , , , , , , , , , , , , , , , , , , , , , , , , , , , , , , , , , , , , , , , , , , , , , , , , , , , , , , , , , , , , , , , , , , , , , , , , , , , , , , , , , , , , , , , , , , , , , , , , , , , , , , , , , , , , , , , ,11,335
2026239N20168,2026,60,WP,MM,ETAU,2026-08-28 18:00:00,NR,26.2,166.0, , , ,PROVISIONAL,2599,2594,O______________,tcvitals,WP212026,26.2,166.0, , ,45,990,0, , , , , , , , , , , , ,1006,120,40, , , , , , , , , , , , , , , , , , , , , , , , , , , , , , , , , , , , , , , , , , , , , , , , , , , , , , , , , , , , , , , , , , , , , , , , , , , , , , , , , , , , , , , , , , , , , , , , , , , , , , , , , , , , , , , , , , , , , , , , , , , , , , , , , , , ,6,325
2026239N20168,2026,60,WP,MM,ETAU,2026-08-28 21:00:00,NR,26.2,165.9, , , ,PROVISIONAL,2594,2570,P______________, ,WP212026,26.2,165.9, , ,40,990,0, , , , , , , , , , , , ,1006,120,33, , , , , , , , , , , , , , , , , , , , , , , , , , , , , , , , , , , , , , , , , , , , , , , , , , , , , , , , , , , , , , , , , , , , , , , , , , , , , , , , , , , , , , , , , , , , , , , , , , , , , , , , , , , , , , , , , , , , , , , , , , , , , , , , , , , ,3,320
2026239N20168,2026,60,WP,MM,ETAU,2026-08-29 00:00:00,NR,26.4,165.8, , , ,PROVISIONAL,2570,2502,O______________,tcvitals,WP212026,26.4,165.8, , ,35,990,0, , , , , , , , , , , , ,1006,120,25, , , , , , , , , , , , , , , , , , , , , , , , , , , , , , , , , , , , , , , , , , , , , , , , , , , , , , , , , , , , , , , , , , , , , , , , , , , , , , , , , , , , , , , , , , , , , , , , , , , , , , , , , , , , , , , , , , , , , , , , , , , , , , , , , , , ,10,355
2026239N20168,2026,60,WP,MM,ETAU,2026-08-29 03:00:00,NR,27.2,165.8, , , ,PROVISIONAL,2493,2401,P______________, ,WP212026,27.2,165.8, , ,37,991,0, , , , , , , , , , , , ,1005,120,33, , , , , , , , , , , , , , , , , , , , , , , , , , , , , , , , , , , , , , , , , , , , , , , , , , , , , , , , , , , , , , , , , , , , , , , , , , , , , , , , , , , , , , , , , , , , , , , , , , , , , , , , , , , , , , , , , , , , , , , , , , , , , , , , , , , ,18,355
2026239N20168,2026,60,WP,MM,ETAU,2026-08-29 06:00:00,NR,28.2,165.7, , , ,PROVISIONAL,2392,2302,O______________,tcvitals,WP212026,28.2,165.7, , ,39,991,0, , , , , , , , , , , , ,1004,120,40, , , , , , , , , , , , , , , , , , , , , , , , , , , , , , , , , , , , , , , , , , , , , , , , , , , , , , , , , , , , , , , , , , , , , , , , , , , , , , , , , , , , , , , , , , , , , , , , , , , , , , , , , , , , , , , , , , , , , , , , , , , , , , , , , , , ,20,355
2026239N20168,2026,60,WP,MM,ETAU,2026-08-29 09:00:00,NR,29.2,165.6, , , ,PROVISIONAL,2292,2207,P______________, ,WP212026,29.2,165.6, , ,39,991,0, , , , , , , , , , , , ,1004,165,40, , , , , , , , , , , , , , , , , , , , , , , , , , , , , , , , , , , , , , , , , , , , , , , , , , , , , , , , , , , , , , , , , , , , , , , , , , , , , , , , , , , , , , , , , , , , , , , , , , , , , , , , , , , , , , , , , , , , , , , , , , , , , , , , , , , ,18,350
2026239N20168,2026,60,WP,MM,ETAU,2026-08-29 12:00:00,NR,30.0,165.4, , , ,PROVISIONAL,2207,2150,O______________,tcvitals,WP212026,30.0,165.4, , ,39,990,0, , , , , , , , , , , , ,1003,210,40, , , , , , , , , , , , , , , , , , , , , , , , , , , , , , , , , , , , , , , , , , , , , , , , , , , , , , , , , , , , , , , , , , , , , , , , , , , , , , , , , , , , , , , , , , , , , , , , , , , , , , , , , , , , , , , , , , , , , , , , , , , , , , , , , , , ,13,345
2026239N20168,2026,60,WP,MM,ETAU,2026-08-29 15:00:00,NR,30.5,165.1, , , ,PROVISIONAL,2145,2115,P______________, ,WP212026,30.5,165.1, , ,37,991,0, , , , , , , , , , , , ,1003,210,40, , , , , , , , , , , , , , , , , , , , , , , , , , , , , , , , , , , , , , , , , , , , , , , , , , , , , , , , , , , , , , , , , , , , , , , , , , , , , , , , , , , , , , , , , , , , , , , , , , , , , , , , , , , , , , , , , , , , , , , , , , , , , , , , , , , ,8,330
2026239N20168,2026,60,WP,MM,ETAU,2026-08-29 18:00:00,NR,30.7,164.9, , , ,PROVISIONAL,2115,2086,O______________,tcvitals,WP212026,30.7,164.9, , ,35,992,0, , , , , , , , , , , , ,1003,210,40, , , , , , , , , , , , , , , , , , , , , , , , , , , , , , , , , , , , , , , , , , , , , , , , , , , , , , , , , , , , , , , , , , , , , , , , , , , , , , , , , , , , , , , , , , , , , , , , , , , , , , , , , , , , , , , , , , , , , , , , , , , , , , , , , , , ,5,315
2026239N20168,2026,60,WP,MM,ETAU,2026-08-29 21:00:00,NR,30.9,164.7, , , ,PROVISIONAL,2086,2086,P______________, ,WP212026,30.9,164.7, , ,30,993,-1, , , , , , , , , , , , ,1003,160,28, , , , , , , , , , , , , , , , , , , , , , , , , , , , , , , , , , , , , , , , , , , , , , , , , , , , , , , , , , , , , , , , , , , , , , , , , , , , , , , , , , , , , , , , , , , , , , , , , , , , , , , , , , , , , , , , , , , , , , , , , , , , , , , , , , , ,3,320
2026239N20168,2026,60,WP,MM,ETAU,2026-08-30 00:00:00,NR,30.9,164.7, , , ,PROVISIONAL,2086,2086,O______________,tcvitals,WP212026,30.9,164.7, , ,25,994,-1, , , , , , , , , , , , ,1002,110,15, , , , , , , , , , , , , , , , , , , , , , , , , , , , , , , , , , , , , , , , , , , , , , , , , , , , , , , , , , , , , , , , , , , , , , , , , , , , , , , , , , , , , , , , , , , , , , , , , , , , , , , , , , , , , , , , , , , , , , , , , , , , , , , , , , , ,2,95
2026239N20168,2026,60,WP,MM,ETAU,2026-08-30 03:00:00,NR,30.8,164.9, , , ,PROVISIONAL,2106,2106,P______________, ,WP212026,30.8,164.9, , ,27,993,-1, , , , , , , , , , , , ,1001,95,15, , , , , , , , , , , , , , , , , , , , , , , , , , , , , , , , , , , , , , , , , , , , , , , , , , , , , , , , , , , , , , , , , , , , , , , , , , , , , , , , , , , , , , , , , , , , , , , , , , , , , , , , , , , , , , , , , , , , , , , , , , , , , , , , , , , ,5,100
2026239N20168,2026,60,WP,MM,ETAU,2026-08-30 06:00:00,NR,30.8,165.3, , , ,PROVISIONAL,2128,2128,O______________,tcvitals,WP212026,30.8,165.3, , ,29,991,-1, , , , , , , , , , , , ,1000,80,15, , , , , , , , , , , , , , , , , , , , , , , , , , , , , , , , , , , , , , , , , , , , , , , , , , , , , , , , , , , , , , , , , , , , , , , , , , , , , , , , , , , , , , , , , , , , , , , , , , , , , , , , , , , , , , , , , , , , , , , , , , , , , , , , , , , ,6,85
2026239N20168,2026,60,WP,MM,ETAU,2026-08-30 09:00:00,NR,30.9,165.6, , , ,PROVISIONAL,2134,2132,P______________, ,WP212026,30.9,165.6, , ,29,991,-1, , , , , , , , , , , , ,1001,70,13, , , , , , , , , , , , , , , , , , , , , , , , , , , , , , , , , , , , , , , , , , , , , , , , , , , , , , , , , , , , , , , , , , , , , , , , , , , , , , , , , , , , , , , , , , , , , , , , , , , , , , , , , , , , , , , , , , , , , , , , , , , , , , , , , , , ,7,65
2026239N20168,2026,60,WP,MM,ETAU,2026-08-30 12:00:00,NR,31.1,166.0, , , ,PROVISIONAL,2137,2130,O______________,tcvitals,WP212026,31.1,166.0, , ,29,991,-1, , , , , , , , , , , , ,1001,60,10, , , , , , , , , , , , , , , , , , , , , , , , , , , , , , , , , , , , , , , , , , , , , , , , , , , , , , , , , , , , , , , , , , , , , , , , , , , , , , , , , , , , , , , , , , , , , , , , , , , , , , , , , , , , , , , , , , , , , , , , , , , , , , , , , , , ,8,55
2026239N20168,2026,60,WP,MM,ETAU,2026-08-30 15:00:00,NR,31.4,166.4, , , ,PROVISIONAL,2132,2122,P______________, ,WP212026,31.4,166.4, , ,29,991,-1, , , , , , , , , , , , ,1001,60,10, , , , , , , , , , , , , , , , , , , , , , , , , , , , , , , , , , , , , , , , , , , , , , , , , , , , , , , , , , , , , , , , , , , , , , , , , , , , , , , , , , , , , , , , , , , , , , , , , , , , , , , , , , , , , , , , , , , , , , , , , , , , , , , , , , , ,9,50
2026239N20168,2026,60,WP,MM,ETAU,2026-08-30 18:00:00,NR,31.7,166.8, , , ,PROVISIONAL,2127,2115,O______________,tcvitals,WP212026,31.7,166.8, , ,29,991,-1, , , , , , , , , , , , ,1001,60,10, , , , , , , , , , , , , , , , , , , , , , , , , , , , , , , , , , , , , , , , , , , , , , , , , , , , , , , , , , , , , , , , , , , , , , , , , , , , , , , , , , , , , , , , , , , , , , , , , , , , , , , , , , , , , , , , , , , , , , , , , , , , , , , , , , , ,11,45
2026239N20168,2026,60,WP,MM,ETAU,2026-08-30 21:00:00,NR,32.1,167.3, , , ,PROVISIONAL,2121,2106,P______________, ,WP212026,32.1,167.3, , ,29,991,-1, , , , , , , , , , , , ,1001,60,10, , , , , , , , , , , , , , , , , , , , , , , , , , , , , , , , , , , , , , , , , , , , , , , , , , , , , , , , , , , , , , , , , , , , , , , , , , , , , , , , , , , , , , , , , , , , , , , , , , , , , , , , , , , , , , , , , , , , , , , , , , , , , , , , , , , ,12,45
2026239N20168,2026,60,WP,MM,ETAU,2026-08-31 00:00:00,NR,32.6,167.8, , , ,PROVISIONAL,2107, ,O______________,tcvitals,WP212026,32.6,167.8, , ,29,991,-1, , , , , , , , , , , , ,1001,60,10, , , , , , , , , , , , , , , , , , , , , , , , , , , , , , , , , , , , , , , , , , , , , , , , , , , , , , , , , , , , , , , , , , , , , , , , , , , , , , , , , , , , , , , , , , , , , , , , , , , , , , , , , , , , , , , , , , , , , , , , , , , , , , , , , , , ,13,45
2026241N30273,2026,61,NA,GM,EDOUARD,2026-08-28 18:00:00,DS,29.6,-87.3, , , ,PROVISIONAL,78,78,O______________,nhc_working_bt,AL052026,29.6,-87.3, ,DB,20,1015,-3, , , , , , , , , , , , ,1018,150,60, , , , , , , , , , , , , , , , , , , , , , , , , , , , , , , , , , , , , , , , , , , , , , , , , , , , , , , , , , , , , , , , , , , , , , , , , , , , , , , , , , , , , , , , , , , , , , , , , , , , , , , , , , , , , , , , , , , , , , , , , , , , , , , , , , , ,2,150
2026241N30273,2026,61,NA,GM,EDOUARD,2026-08-28 21:00:00,DS,29.5,-87.2, , , ,PROVISIONAL,89,89,P______________, ,AL052026,29.5,-87.2, ,DB,20,1015,-3, , , , , , , , , , , , ,1018,150,60, , , , , , , , , , , , , , , , , , , , , , , , , , , , , , , , , , , , , , , , , , , , , , , , , , , , , , , , , , , , , , , , , , , , , , , , , , , , , , , , , , , , , , , , , , , , , , , , , , , , , , , , , , , , , , , , , , , , , , , , , , , , , , , , , , , ,2,170
2026241N30273,2026,61,NA,GM,EDOUARD,2026-08-29 00:00:00,DS,29.4,-87.3, , , ,PROVISIONAL,100,100,O______________,nhc_working_bt,AL052026,29.4,-87.3, ,DB,20,1015,-3, , , , , , , , , , , , ,1018,150,60, , , , , , , , , , , , , , , , , , , , , , , , , , , , , , , , , , , , , , , , , , , , , , , , , , , , , , , , , , , , , , , , , , , , , , , , , , , , , , , , , , , , , , , , , , , , , , , , , , , , , , , , , , , , , , , , , , , , , , , , , , , , , , , , , , , ,4,215
2026241N30273,2026,61,NA,GM,EDOUARD,2026-08-29 03:00:00,DS,29.2,-87.5, , , ,PROVISIONAL,121,118,P______________, ,AL052026,29.2,-87.5, ,DB,20,1015,-3, , , , , , , , , , , , ,1018,150,60, , , , , , , , , , , , , , , , , , , , , , , , , , , , , , , , , , , , , , , , , , , , , , , , , , , , , , , , , , , , , , , , , , , , , , , , , , , , , , , , , , , , , , , , , , , , , , , , , , , , , , , , , , , , , , , , , , , , , , , , , , , , , , , , , , , ,5,220
2026241N30273,2026,61,NA,GM,EDOUARD,2026-08-29 06:00:00,DS,29.0,-87.7, , , ,PROVISIONAL,126,126,O______________,nhc_working_bt,AL052026,29.0,-87.7, ,DB,20,1015,-3, , , , , , , , , , , , ,1018,150,60, , , , , , , , , , , , , , , , , , , , , , , , , , , , , , , , , , , , , , , , , , , , , , , , , , , , , , , , , , , , , , , , , , , , , , , , , , , , , , , , , , , , , , , , , , , , , , , , , , , , , , , , , , , , , , , , , , , , , , , , , , , , , , , , , , , ,4,200
2026241N30273,2026,61,NA,GM,EDOUARD,2026-08-29 09:00:00,DS,28.9,-87.7, , , ,PROVISIONAL,128,128,P______________, ,AL052026,28.9,-87.7, ,DB,18,1015,-3, , , , , , , , , , , , ,1018,150,60, , , , , , , , , , , , , , , , , , , , , , , , , , , , , , , , , , , , , , , , , , , , , , , , , , , , , , , , , , , , , , , , , , , , , , , , , , , , , , , , , , , , , , , , , , , , , , , , , , , , , , , , , , , , , , , , , , , , , , , , , , , , , , , , , , , ,3,140
2026241N30273,2026,61,NA,GM,EDOUARD,2026-08-29 12:00:00,DS,28.8,-87.5, , , ,PROVISIONAL,149,149,O______________,nhc_working_bt,AL052026,28.8,-87.5, ,DB,15,1015,-3, , , , , , , , , , , , ,1018,150,60, , , , , , , , , , , , , , , , , , , , , , , , , , , , , , , , , , , , , , , , , , , , , , , , , , , , , , , , , , , , , , , , , , , , , , , , , , , , , , , , , , , , , , , , , , , , , , , , , , , , , , , , , , , , , , , , , , , , , , , , , , , , , , , , , , , ,3,100
2026241N30273,2026,61,NA,GM,EDOUARD,2026-08-29 15:00:00,DS,28.8,-87.3, , , ,PROVISIONAL,167,167,P______________, ,AL052026,28.8,-87.3, ,DB,18,1015,-3, , , , , , , , , , , , ,1018,150,60, , , , , , , , , , , , , , , , , , , , , , , , , , , , , , , , , , , , , , , , , , , , , , , , , , , , , , , , , , , , , , , , , , , , , , , , , , , , , , , , , , , , , , , , , , , , , , , , , , , , , , , , , , , , , , , , , , , , , , , , , , , , , , , , , , , ,3,90
2026241N30273,2026,61,NA,GM,EDOUARD,2026-08-29 18:00:00,DS,28.8,-87.2, , , ,PROVISIONAL,167,165,O______________,nhc_working_bt,AL052026,28.8,-87.2, ,DB,20,1015,-3, , , , , , , , , , , , ,1018,150,60, , , , , , , , , , , , , , , , , , , , , , , , , , , , , , , , , , , , , , , , , , , , , , , , , , , , , , , , , , , , , , , , , , , , , , , , , , , , , , , , , , , , , , , , , , , , , , , , , , , , , , , , , , , , , , , , , , , , , , , , , , , , , , , , , , , ,3,215
2026241N30273,2026,61,NA,GM,EDOUARD,2026-08-29 21:00:00,DS,28.6,-87.5, , , ,PROVISIONAL,156,139,P______________, ,AL052026,28.6,-87.5, ,DB,20,1015,-3, , , , , , , , , , , , ,1018,150,60, , , , , , , , , , , , , , , , , , , , , , , , , , , , , , , , , , , , , , , , , , , , , , , , , , , , , , , , , , , , , , , , , , , , , , , , , , , , , , , , , , , , , , , , , , , , , , , , , , , , , , , , , , , , , , , , , , , , , , , , , , , , , , , , , , , ,8,230
2026241N30273,2026,61,NA,GM,EDOUARD,2026-08-30 00:00:00,DS,28.3,-87.9, , , ,PROVISIONAL,139,125,O______________,nhc_working_bt,AL052026,28.3,-87.9, ,DB,20,1015,-3, , , , , , , , , , , , ,1018,150,60, , , , , , , , , , , , , , , , , , , , , , , , , , , , , , , , , , , , , , , , , , , , , , , , , , , , , , , , , , , , , , , , , , , , , , , , , , , , , , , , , , , , , , , , , , , , , , , , , , , , , , , , , , , , , , , , , , , , , , , , , , , , , , , , , , , ,9,240
2026241N30273,2026,61,NA,GM,EDOUARD,2026-08-30 03:00:00,DS,28.1,-88.3, , , ,PROVISIONAL,127,116,P______________, ,AL052026,28.1,-88.3, ,DB,20,1015,-3, , , , , , , , , , , , ,1017,125,60, , , , , , , , , , , , , , , , , , , , , , , , , , , , , , , , , , , , , , , , , , , , , , , , , , , , , , , , , , , , , , , , , , , , , , , , , , , , , , , , , , , , , , , , , , , , , , , , , , , , , , , , , , , , , , , , , , , , , , , , , , , , , , , , , , , ,8,245
2026241N30273,2026,61,NA,GM,EDOUARD,2026-08-30 06:00:00,DS,28.0,-88.7, , , ,PROVISIONAL,118,112,O______________,nhc_working_bt,AL052026,28.0,-88.7, ,DB,20,1014,-3, , , , , , , , , , , , ,1016,100,60, , , , , , , , , , , , , , , , , , , , , , , , , , , , , , , , , , , , , , , , , , , , , , , , , , , , , , , , , , , , , , , , , , , , , , , , , , , , , , , , , , , , , , , , , , , , , , , , , , , , , , , , , , , , , , , , , , , , , , , , , , , , , , , , , , , ,7,255
2026241N30273,2026,61,NA,GM,EDOUARD,2026-08-30 09:00:00,DS,27.9,-89.0, , , ,PROVISIONAL,123,122,P______________, ,AL052026,27.9,-89.0, ,DB,20,1014,-3, , , , , , , , , , , , ,1016,90,60, , , , , , , , , , , , , , , , , , , , , , , , , , , , , , , , , , , , , , , , , , , , , , , , , , , , , , , , , , , , , , , , , , , , , , , , , , , , , , , , , , , , , , , , , , , , , , , , , , , , , , , , , , , , , , , , , , , , , , , , , , , , , , , , , , , ,5,260
2026241N30273,2026,61,NA,GM,EDOUARD,2026-08-30 12:00:00,DS,27.9,-89.3, , , ,PROVISIONAL,124,124,O______________,nhc_working_bt,AL052026,27.9,-89.3, ,DB,20,1013,-3, , , , , , , , , , , , ,1015,80,60, , , , , , , , , , , , , , , , , , , , , , , , , , , , , , , , , , , , , , , , , , , , , , , , , , , , , , , , , , , , , , , , , , , , , , , , , , , , , , , , , , , , , , , , , , , , , , , , , , , , , , , , , , , , , , , , , , , , , , , , , , , , , , , , , , , ,4,250
2026241N30273,2026,61,NA,GM,EDOUARD,2026-08-30 15:00:00,DS,27.8,-89.4, , , ,PROVISIONAL,137,137,P______________, ,AL052026,27.8,-89.4, ,DB,20,1013,-3, , , , , , , , , , , , ,1016,90,68, , , , , , , , , , , , , , , , , , , , , , , , , , , , , , , , , , , , , , , , , , , , , , , , , , , , , , , , , , , , , , , , , , , , , , , , , , , , , , , , , , , , , , , , , , , , , , , , , , , , , , , , , , , , , , , , , , , , , , , , , , , , , , , , , , , ,3,220
2026241N30273,2026,61,NA,GM,EDOUARD,2026-08-30 18:00:00,DS,27.7,-89.5, , , ,PROVISIONAL,150,150,O______________,nhc_working_bt,AL052026,27.7,-89.5, ,LO,20,1013,-3, , , , , , , , , , , , ,1016,100,75, , , , , , , , , , , , , , , , , , , , , , , , , , , , , , , , , , , , , , , , , , , , , , , , , , , , , , , , , , , , , , , , , , , , , , , , , , , , , , , , , , , , , , , , , , , , , , , , , , , , , , , , , , , , , , , , , , , , , , , , , , , , , , , , , , , ,3,220
2026241N30273,2026,61,NA,GM,EDOUARD,2026-08-30 21:00:00,DS,27.6,-89.6, , , ,PROVISIONAL,163,163,P______________, ,AL052026,27.6,-89.6, ,LO,23,1013,-3, , , , , , , , , , , , ,1016,100,75, , , , , , , , , , , , , , , , , , , , , , , , , , , , , , , , , , , , , , , , , , , , , , , , , , , , , , , , , , , , , , , , , , , , , , , , , , , , , , , , , , , , , , , , , , , , , , , , , , , , , , , , , , , , , , , , , , , , , , , , , , , , , , , , , , , ,3,235
2026241N30273,2026,61,NA,GM,EDOUARD,2026-08-31 00:00:00,DS,27.5,-89.8, , , ,PROVISIONAL,180,179,O______________,nhc_working_bt,AL052026,27.5,-89.8, ,LO,25,1012,-3, , , , , , , , , , , , ,1016,100,75, , , , , , , , , , , , , , , , , , , , , , , , , , , , , , , , , , , , , , , , , , , , , , , , , , , , , , , , , , , , , , , , , , , , , , , , , , , , , , , , , , , , , , , , , , , , , , , , , , , , , , , , , , , , , , , , , , , , , , , , , ,35, , , , , , , , , ,5,235
2026241N30273,2026,61,NA,GM,EDOUARD,2026-08-31 03:00:00,DS,27.3,-90.1, , , ,PROVISIONAL,200,200,P______________, ,AL052026,27.3,-90.1, ,LO,28,1012,-3, , , , , , , , , , , , ,1015,90,68, , , , , , , , , , , , , , , , , , , , , , , , , , , , , , , , , , , , , , , , , , , , , , , , , , , , , , , , , , , , , , , , , , , , , , , , , , , , , , , , , , , , , , , , , , , , , , , , , , , , , , , , , , , , , , , , , , , , , , , , , , , , , , , , , , , ,5,245
2026241N30273,2026,61,NA,GM,EDOUARD,2026-08-31 06:00:00,DS,27.3,-90.3, , , ,PROVISIONAL,201,168,O______________,nhc_working_bt,AL052026,27.3,-90.3, ,LO,30,1012,-3, , , , , , , , , , , , ,1014,80,60, , , , , , , , , , , , , , , , , , , , , , , , , , , , , , , , , , , , , , , , , , , , , , , , , , , , , , , , , , , , , , , , , , , , , , , , , , , , , , , , , , , , , , , , , , , , , , , , , , , , , , , , , , , , , , , , , , , , , , , , , ,40, , , , , , , , , ,4,305
2026241N30273,2026,61,NA,GM,EDOUARD,2026-08-31 09:00:00,DS,27.6,-90.4, , , ,PROVISIONAL,168,145,P______________, ,AL052026,27.6,-90.4, ,LO,30,1013,-3, , , , , , , , , , , , ,1015,85,60, , , , , , , , , , , , , , , , , , , , , , , , , , , , , , , , , , , , , , , , , , , , , , , , , , , , , , , , , , , , , , , , , , , , , , , , , , , , , , , , , , , , , , , , , , , , , , , , , , , , , , , , , , , , , , , , , , , , , , , , , , , , , , , , , , , ,6,335
2026241N30273,2026,61,NA,GM,EDOUARD,2026-08-31 12:00:00,DS,27.8,-90.6, , , ,PROVISIONAL,145,123,O______________,nhc_working_bt,AL052026,27.9,-90.5, ,LO,30,1013,-3, , , , , , , , , , , , ,1015,90,60, , , , , , , , , , , , , , , , , , , , , , , , , , , , , , , , , , , , , , , , , , , , , , , , , , , , , , , , , , , , , , , , , , , , , , , , , , , , , , , , , , , , , , , , , , , , , , , , , , , , , , , , , , , , , , , , , , , , , , , , , ,40, , , , , , , , , ,5,320
2026241N30273,2026,61,NA,GM,EDOUARD,2026-08-31 15:00:00,DS,28.0,-90.8, , , ,PROVISIONAL,123,111,P______________, ,AL052026,28.0,-90.7, ,LO,30,1013,-3, , , , , , , , , , , , ,1015,90,43, , , , , , , , , , , , , , , , , , , , , , , , , , , , , , , , , , , , , , , , , , , , , , , , , , , , , , , , , , , , , , , , , , , , , , , , , , , , , , , , , , , , , , , , , , , , , , , , , , , , , , , , , , , , , , , , , , , , , , , , , , , , , , , , , , , ,5,305
2026241N30273,2026,61,NA,GM,EDOUARD,2026-08-31 18:00:00,TS,28.1,-91.0, , , ,PROVISIONAL,112,102,O______________,nhc_working_bt,AL052026,28.1,-91.0, ,TD,30,1012,-1, , , , , , , , , , , , ,1015,90,25, , , , , , , , , , , , , , , , , , , , , , , , , , , , , , , , , , , , , , , , , , , , , , , , , , , , , , , , , , , , , , , , , , , , , , , , , , , , , , , , , , , , , , , , , , , , , , , , , , , , , , , , , , , , , , , , , , , , , , , , , ,40, , , , , , , , , ,5,300
2026241N30273,2026,61,NA,GM,EDOUARD,2026-08-31 21:00:00,TS,28.2,-91.3, , , ,PROVISIONAL,107,97,P______________, ,AL052026,28.2,-91.3, ,TD,33,1010,-1, , , , , , , , , , , , ,1015,90,23, , , , , , , , , , , , , , , , , , , , , , , , , , , , , , , , , , , , , , , , , , , , , , , , , , , , , , , , , , , , , , , , , , , , , , , , , , , , , , , , , , , , , , , , , , , , , , , , , , , , , , , , , , , , , , , , , , , , , , , , , , , , , , , , , , , ,6,300
2026241N30273,2026,61,NA,GM,EDOUARD,2026-09-01 00:00:00,TS,28.4,-91.6, , , ,PROVISIONAL,101,97,O______________,nhc_working_bt,AL052026,28.4,-91.6, ,TS,35,1008,0,20,0,0,20, , , , , , , , ,1015,90,20, , , , , , , , , , , , , , , , , , , , , , , , , , , , , , , , , , , , , , , , , , , , , , , , , , , , , , , , , , , , , , , , , , , , , , , , , , , , , , , , , , , , , , , , , , , , , , , , , , , , , , , , , , , , , , , , , , , , , , , , , ,45, , , , , , , , , ,8,300
2026241N30273,2026,61,NA,GM,EDOUARD,2026-09-01 03:00:00,TS,28.6,-92.0, , , ,PROVISIONAL,104,66,P______________, ,AL052026,28.6,-92.0, ,TS,35,1007,0,20,0,0,20, , , , , , , , ,1015,90,13, , , , , , , , , , , , , , , , , , , , , , , , , , , , , , , , , , , , , , , , , , , , , , , , , , , , , , , , , , , , , , , , , , , , , , , , , , , , , , , , , , , , , , , , , , , , , , , , , , , , , , , , , , , , , , , , , , , , , , , , , , , , , , , , , , , ,9,305
2026241N30273,2026,61,NA,GM,EDOUARD,2026-09-01 06:00:00,TS,28.9,-92.4, , , ,PROVISIONAL,67,53,O______________,nhc_working_bt,AL052026,28.9,-92.4, ,TS,35,1005,0,20,0,0,20, , , , , , , , ,1014,90,5, , , , , , , , , , , , , , , , , , , , , , , , , , , , , , , , , , , , , , , , , , , , , , , , , , , , , , , , , , , , , , , , , , , , , , , , , , , , , , , , , , , , , , , , , , , , , , , , , , , , , , , , , , , , , , , , , , , , , , , , , ,45, , , , ,12,30, , , ,8,305
2026241N30273,2026,61,NA,GM,EDOUARD,2026-09-01 09:00:00,TS,29.1,-92.7, , , ,PROVISIONAL,56,44,P______________, ,AL052026,29.1,-92.7, ,TS,38,1003,0,20,10,0,20, , , , , , , , ,1014,90,5, , , , , , , , , , , , , , , , , , , , , , , , , , , , , , , , , , , , , , , , , , , , , , , , , , , , , , , , , , , , , , , , , , , , , , , , , , , , , , , , , , , , , , , , , , , , , , , , , , , , , , , , , , , , , , , , , , , , , , , , , , , , , , ,12,23, , , ,7,305
2026241N30273,2026,61,NA,GM,EDOUARD,2026-09-01 12:00:00,TS,29.3,-93.0, , , ,PROVISIONAL,45,33,O______________,nhc_working_bt,AL052026,29.3,-93.0, ,TS,40,1001,0,20,20,0,20, , , , , , , , ,1013,90,5, , , , , , , , , , , , , , , , , , , , , , , , , , , , , , , , , , , , , , , , , , , , , , , , , , , , , , , , , , , , , , , , , , , , , , , , , , , , , , , , , , , , , , , , , , , , , , , , , , , , , , , , , , , , , , , , , , , , , , , , , ,45, , , , ,12,15, , , ,6,305
2026241N30273,2026,61,NA,GM,EDOUARD,2026-09-01 15:00:00,TS,29.5,-93.3, , , ,PROVISIONAL,33,11,P______________, ,AL052026,29.5,-93.3, ,TS,45,1000,0,20,20,10,20, , , , , , , , ,1013,90,5, , , , , , , , , , , , , , , , , , , , , , , , , , , , , , , , , , , , , , , , , , , , , , , , , , , , , , , , , , , , , , , , , , , , , , , , , , , , , , , , , , , , , , , , , , , , , , , , , , , , , , , , , , , , , , , , , , , , , , , , , , , , , , , , , , , ,7,305
2026241N30273,2026,61,NA,GM,EDOUARD,2026-09-01 18:00:00,TS,29.7,-93.6, , , ,PROVISIONAL,11,0,O______________,nhc_working_bt,AL052026,29.7,-93.6, ,TS,50,998,0,20,20,20,20, , , , , , , , ,1013,90,5, , , , , , , , , , , , , , , , , , , , , , , , , , , , , , , , , , , , , , , , , , , , , , , , , , , , , , , , , , , , , , , , , , , , , , , , , , , , , , , , , , , , , , , , , , , , , , , , , , , , , , , , , , , , , , , , , , , , , , , , , ,55, , , , , , , , , ,7,310
2026241N30273,2026,61,NA,GM,EDOUARD,2026-09-01 21:00:00,TS,29.9,-93.9, , , ,PROVISIONAL,0,0,P______________, ,AL052026,29.9,-93.9, ,TS,45,999,0,20,20,20,20, , , , , , , , ,1013,90,5, , , , , , , , , , , , , , , , , , , , , , , , , , , , , , , , , , , , , , , , , , , , , , , , , , , , , , , , , , , , , , , , , , , , , , , , , , , , , , , , , , , , , , , , , , , , , , , , , , , , , , , , , , , , , , , , , , , , , , , , , , , , , , , , , , , ,7,315
2026241N30273,2026,61,NA,NA,EDOUARD,2026-09-02 00:00:00,TS,30.2,-94.2, , , ,PROVISIONAL,0,0,O______________,nhc_working_bt,AL052026,30.2,-94.2, ,TS,40,1000,0,20,20,20,20, , , , , , , , ,1013,90,5, , , , , , , , , , , , , , , , , , , , , , , , , , , , , , , , , , , , , , , , , , , , , , , , , , , , , , , , , , , , , , , , , , , , , , , , , , , , , , , , , , , , , , , , , , , , , , , , , , , , , , , , , , , , , , , , , , , , , , , , , ,50, , , , ,12, ,30,30, ,7,305
2026241N30273,2026,61,NA,NA,EDOUARD,2026-09-02 03:00:00,TS,30.4,-94.6, , , ,PROVISIONAL,0,0,P______________, ,AL052026,30.4,-94.6, ,TS,35,1002,0,10,10,10,10, , , , , , , , ,1014,80,10, , , , , , , , , , , , , , , , , , , , , , , , , , , , , , , , , , , , , , , , , , , , , , , , , , , , , , , , , , , , , , , , , , , , , , , , , , , , , , , , , , , , , , , , , , , , , , , , , , , , , , , , , , , , , , , , , , , , , , , , , , , , , , , , , , , ,7,305
2026241N30273,2026,61,NA,NA,EDOUARD,2026-09-02 06:00:00,TS,30.6,-94.9, , , ,PROVISIONAL,0,0,O______________,nhc_working_bt,AL052026,30.6,-94.9, ,TD,30,1004,-1, , , , , , , , , , , , ,1014,70,15, , , , , , , , , , , , , , , , , , , , , , , , , , , , , , , , , , , , , , , , , , , , , , , , , , , , , , , , , , , , , , , , , , , , , , , , , , , , , , , , , , , , , , , , , , , , , , , , , , , , , , , , , , , , , , , , , , , , , , , , , ,40, , , , , , , , , ,7,320
2026241N30273,2026,61,NA,NA,EDOUARD,2026-09-02 09:00:00,TS,30.9,-95.1, , , ,PROVISIONAL,0,0,P______________, ,AL052026,30.8,-94.9, ,TD,30,1004,-1, , , , , , , , , , , , ,1014,70,15, , , , , , , , , , , , , , , , , , , , , , , , , , , , , , , , , , , , , , , , , , , , , , , , , , , , , , , , , , , , , , , , , , , , , , , , , , , , , , , , , , , , , , , , , , , , , , , , , , , , , , , , , , , , , , , , , , , , , , , , , , , , , , , , , , , ,6,345
2026241N30273,2026,61,NA,NA,EDOUARD,2026-09-02 12:00:00,TS,31.2,-95.1, , , ,PROVISIONAL,0,0,O______________,nhc_working_bt,AL052026,31.0,-94.8, ,TD,30,1004,-1, , , , , , , , , , , , ,1014,70,15, , , , , , , , , , , , , , , , , , , , , , , , , , , , , , , , , , , , , , , , , , , , , , , , , , , , , , , , , , , , , , , , , , , , , , , , , , , , , , , , , , , , , , , , , , , , , , , , , , , , , , , , , , , , , , , , , , , , , , , , , ,35, , , , , , , , , ,4,355
2026241N30273,2026,61,NA,NA,EDOUARD,2026-09-02 15:00:00,TS,31.3,-95.1, , , ,PROVISIONAL,0,0,P______________, ,AL052026,31.2,-94.9, ,TD,25,1008,-1, , , , , , , , , , , , ,1014,75,20, , , , , , , , , , , , , , , , , , , , , , , , , , , , , , , , , , , , , , , , , , , , , , , , , , , , , , , , , , , , , , , , , , , , , , , , , , , , , , , , , , , , , , , , , , , , , , , , , , , , , , , , , , , , , , , , , , , , , , , , , , , , , , , , , , , ,2,5
2026241N30273,2026,61,NA,NA,EDOUARD,2026-09-02 18:00:00,DS,31.4,-95.1, , , ,PROVISIONAL,0,0,O______________,nhc_working_bt,AL052026,31.4,-95.1, ,DB,20,1011,-3, , , , , , , , , , , , ,1013,80,25, , , , , , , , , , , , , , , , , , , , , , , , , , , , , , , , , , , , , , , , , , , , , , , , , , , , , , , , , , , , , , , , , , , , , , , , , , , , , , , , , , , , , , , , , , , , , , , , , , , , , , , , , , , , , , , , , , , , , , , , , ,30, , , , , , , , , ,4,340
2026241N30273,2026,61,NA,NA,EDOUARD,2026-09-02 21:00:00,DS,31.7,-95.2, , , ,PROVISIONAL,0,0,P______________, ,AL052026,31.7,-95.3, ,DB,20,1011,-3, , , , , , , , , , , , ,1013,65,28, , , , , , , , , , , , , , , , , , , , , , , , , , , , , , , , , , , , , , , , , , , , , , , , , , , , , , , , , , , , , , , , , , , , , , , , , , , , , , , , , , , , , , , , , , , , , , , , , , , , , , , , , , , , , , , , , , , , , , , , , , , , , , , , , , , ,7,330
2026241N30273,2026,61,NA,NA,EDOUARD,2026-09-03 00:00:00,DS,32.0,-95.5, , , ,PROVISIONAL,0, ,O______________,nhc_working_bt,AL052026,32.0,-95.5, ,DB,20,1011,-3, , , , , , , , , , , , ,1012,50,30, , , , , , , , , , , , , , , , , , , , , , , , , , , , , , , , , , , , , , , , , , , , , , , , , , , , , , , , , , , , , , , , , , , , , , , , , , , , , , , , , , , , , , , , , , , , , , , , , , , , , , , , , , , , , , , , , , , , , , , , , ,30, , , , , , , , , ,8,330
2026242N10255,2026,62,EP,MM,MARIE,2026-08-29 18:00:00,DS,10.4,-105.3, , , ,PROVISIONAL,895,895,O______________,nhc_working_bt,EP132026,10.4,-105.3, ,DB,20, ,-3, , , , , , , , , , , , ,1011,150,110, , , , , , , , , , , , , , , , , , , , , , , , , , , , , , , , , , , , , , , , , , , , , , , , , , , , , , , , , , , , , , , , , , , , , , , , , , , , , , , , , , , , , , , , , , , , , , , , , , , , , , , , , , , , , , , , , , , , , , , , , , , , , , , , , , , ,6,270
2026242N10255,2026,62,EP,MM,MARIE,2026-08-29 21:00:00,DS,10.4,-105.6, , , ,PROVISIONAL,909,906,P______________, ,EP132026,10.4,-105.6, ,DB,20, ,-3, , , , , , , , , , , , ,1011,150,130, , , , , , , , , , , , , , , , , , , , , , , , , , , , , , , , , , , , , , , , , , , , , , , , , , , , , , , , , , , , , , , , , , , , , , , , , , , , , , , , , , , , , , , , , , , , , , , , , , , , , , , , , , , , , , , , , , , , , , , , , , , , , , , , , , , ,6,280
2026242N10255,2026,62,EP,MM,MARIE,2026-08-30 00:00:00,DS,10.5,-105.9, , , ,PROVISIONAL,909,895,O______________,nhc_working_bt,EP132026,10.5,-105.9, ,DB,20,1008,-3, , , , , , , , , , , , ,1010,150,150, , , , , , , , , , , , , , , , , , , , , , , , , , , , , , , , , , , , , , , , , , , , , , , , , , , , , , , , , , , , , , , , , , , , , , , , , , , , , , , , , , , , , , , , , , , , , , , , , , , , , , , , , , , , , , , , , , , , , , , , , , , , , , , , , , , ,6,305
2026242N10255,2026,62,EP,MM,MARIE,2026-08-30 03:00:00,DS,10.8,-106.1, , , ,PROVISIONAL,884,860,P______________, ,EP132026,10.8,-106.1, ,DB,23,1009,-3, , , , , , , , , , , , ,1011,150,130, , , , , , , , , , , , , , , , , , , , , , , , , , , , , , , , , , , , , , , , , , , , , , , , , , , , , , , , , , , , , , , , , , , , , , , , , , , , , , , , , , , , , , , , , , , , , , , , , , , , , , , , , , , , , , , , , , , , , , , , , , , , , , , , , , , ,7,325
2026242N10255,2026,62,EP,MM,MARIE,2026-08-30 06:00:00,DS,11.1,-106.3, , , ,PROVISIONAL,860,828,O______________,nhc_working_bt,EP132026,11.1,-106.3, ,DB,25,1010,-3, , , , , , , , , , , , ,1011,150,110, , , , , , , , , , , , , , , , , , , , , , , , , , , , , , , , , , , , , , , , , , , , , , , , , , , , , , , , , , , , , , , , , , , , , , , , , , , , , , , , , , , , , , , , , , , , , , , , , , , , , , , , , , , , , , , , , , , , , , , , , , , , , , , , , , , ,7,345
2026242N10255,2026,62,EP,MM,MARIE,2026-08-30 09:00:00,DS,11.4,-106.3, , , ,PROVISIONAL,828,797,P______________, ,EP132026,11.4,-106.3, ,DB,25,1010,-3, , , , , , , , , , , , ,1011,175,110, , , , , , , , , , , , , , , , , , , , , , , , , , , , , , , , , , , , , , , , , , , , , , , , , , , , , , , , , , , , , , , , , , , , , , , , , , , , , , , , , , , , , , , , , , , , , , , , , , , , , , , , , , , , , , , , , , , , , , , , , , , , , , , , , , , ,6,0
2026242N10255,2026,62,EP,MM,MARIE,2026-08-30 12:00:00,DS,11.7,-106.3, , , ,PROVISIONAL,797,787,O______________,nhc_working_bt,EP132026,11.7,-106.3, ,DB,25,1010,-3, , , , , , , , , , , , ,1010,200,110, , , , , , , , , , , , , , , , , , , , , , , , , , , , , , , , , , , , , , , , , , , , , , , , , , , , , , , , , , , , , , , , , , , , , , , , , , , , , , , , , , , , , , , , , , , , , , , , , , , , , , , , , , , , , , , , , , , , , , , , , , , , , , , , , , , ,4,350
2026242N10255,2026,62,EP,MM,MARIE,2026-08-30 15:00:00,DS,11.8,-106.4, , , ,PROVISIONAL,791,781,P______________, ,EP132026,11.8,-106.4, ,DB,28,1010,-3, , , , , , , , , , , , ,1011,175,110, , , , , , , , , , , , , , , , , , , , , , , , , , , , , , , , , , , , , , , , , , , , , , , , , , , , , , , , , , , , , , , , , , , , , , , , , , , , , , , , , , , , , , , , , , , , , , , , , , , , , , , , , , , , , , , , , , , , , , , , , , , , , , , , , , , ,3,315
2026242N10255,2026,62,EP,MM,MARIE,2026-08-30 18:00:00,DS,11.9,-106.5, , , ,PROVISIONAL,785,785,O______________,nhc_working_bt,EP132026,11.9,-106.5, ,DB,30,1010,-3, , , , , , , , , , , , ,1012,150,110, , , , , , , , , , , , , , , , , , , , , , , , , , , , , , , , , , , , , , , , , , , , , , , , , , , , , , , , , , , , , , , , , , , , , , , , , , , , , , , , , , , , , , , , , , , , , , , , , , , , , , , , , , , , , , , , , , , , , , , , , , , , , , , , , , , ,3,285
2026242N10255,2026,62,EP,MM,MARIE,2026-08-30 21:00:00,DS,11.9,-106.7, , , ,PROVISIONAL,794,794,P______________, ,EP132026,11.9,-106.7, ,DB,30,1009,-3, , , , , , , , , , , , ,1012,150,110, , , , , , , , , , , , , , , , , , , , , , , , , , , , , , , , , , , , , , , , , , , , , , , , , , , , , , , , , , , , , , , , , , , , , , , , , , , , , , , , , , , , , , , , , , , , , , , , , , , , , , , , , , , , , , , , , , , , , , , , , , , , , , , , , , , ,4,270
2026242N10255,2026,62,EP,MM,MARIE,2026-08-31 00:00:00,DS,11.9,-106.9, , , ,PROVISIONAL,803,803,O______________,nhc_working_bt,EP132026,11.9,-106.9, ,DB,30,1007,-3, , , , , , , , , , , , ,1012,150,110, , , , , , , , , , , , , , , , , , , , , , , , , , , , , , , , , , , , , , , , , , , , , , , , , , , , , , , , , , , , , , , , , , , , , , , , , , , , , , , , , , , , , , , , , , , , , , , , , , , , , , , , , , , , , , , , , , , , , , , , , , , , , , , , , , , ,5,265
2026242N10255,2026,62,EP,MM,MARIE,2026-08-31 03:00:00,DS,11.9,-107.2, , , ,PROVISIONAL,819,819,P______________, ,EP132026,11.9,-107.2, ,DB,30,1007,-3, , , , , , , , , , , , ,1011,150,90, , , , , , , , , , , , , , , , , , , , , , , , , , , , , , , , , , , , , , , , , , , , , , , , , , , , , , , , , , , , , , , , , , , , , , , , , , , , , , , , , , , , , , , , , , , , , , , , , , , , , , , , , , , , , , , , , , , , , , , , , , , , , , , , , , , ,5,270
2026242N10255,2026,62,EP,MM,MARIE,2026-08-31 06:00:00,DS,11.9,-107.4, , , ,PROVISIONAL,829,829,O______________,nhc_working_bt,EP132026,11.9,-107.4, ,DB,30,1007,-3, , , , , , , , , , , , ,1010,150,70, , , , , , , , , , , , , , , , , , , , , , , , , , , , , , , , , , , , , , , , , , , , , , , , , , , , , , , , , , , , , , , , , , , , , , , , , , , , , , , , , , , , , , , , , , , , , , , , , , , , , , , , , , , , , , , , , , , , , , , , , ,40, , , , , , , , , ,4,280
2026242N10255,2026,62,EP,MM,MARIE,2026-08-31 09:00:00,DS,12.0,-107.5, , , ,PROVISIONAL,825,821,P______________, ,EP132026,12.0,-107.5, ,DB,30,1007,-3, , , , , , , , , , , , ,1010,150,70, , , , , , , , , , , , , , , , , , , , , , , , , , , , , , , , , , , , , , , , , , , , , , , , , , , , , , , , , , , , , , , , , , , , , , , , , , , , , , , , , , , , , , , , , , , , , , , , , , , , , , , , , , , , , , , , , , , , , , , , , , , , , , , , , , , ,3,315
2026242N10255,2026,62,EP,MM,MARIE,2026-08-31 12:00:00,DS,12.1,-107.6, , , ,PROVISIONAL,821,796,O______________,nhc_working_bt,EP132026,12.1,-107.6, ,DB,30,1007,-3, , , , , , , , , , , , ,1009,150,70, , , , , , , , , , , , , , , , , , , , , , , , , , , , , , , , , , , , , , , , , , , , , , , , , , , , , , , , , , , , , , , , , , , , , , , , , , , , , , , , , , , , , , , , , , , , , , , , , , , , , , , , , , , , , , , , , , , , , , , , , ,40, , , , , , , , , ,4,0
2026242N10255,2026,62,EP,MM,MARIE,2026-08-31 15:00:00,DS,12.4,-107.5, , , ,PROVISIONAL,787,759,P______________, ,EP132026,12.4,-107.5, ,DB,30,1007,-3, , , , , , , , , , , , ,1010,150,65, , , , , , , , , , , , , , , , , , , , , , , , , , , , , , , , , , , , , , , , , , , , , , , , , , , , , , , , , , , , , , , , , , , , , , , , , , , , , , , , , , , , , , , , , , , , , , , , , , , , , , , , , , , , , , , , , , , , , , , , , , , , , , , , , , , ,6,10
2026242N10255,2026,62,EP,MM,MARIE,2026-08-31 18:00:00,DS,12.7,-107.5, , , ,PROVISIONAL,759,737,O______________,nhc_working_bt,EP132026,12.7,-107.5, ,DB,30,1006,-3, , , , , , , , , , , , ,1010,150,60, , , , , , , , , , , , , , , , , , , , , , , , , , , , , , , , , , , , , , , , , , , , , , , , , , , , , , , , , , , , , , , , , , , , , , , , , , , , , , , , , , , , , , , , , , , , , , , , , , , , , , , , , , , , , , , , , , , , , , , , , ,40, , , , , , , , , ,7,355
2026242N10255,2026,62,EP,MM,MARIE,2026-08-31 21:00:00,DS,13.0,-107.6, , , ,PROVISIONAL,737,715,P______________, ,EP132026,13.0,-107.6, ,DB,30,1006,-3, , , , , , , , , , , , ,1010,150,60, , , , , , , , , , , , , , , , , , , , , , , , , , , , , , , , , , , , , , , , , , , , , , , , , , , , , , , , , , , , , , , , , , , , , , , , , , , , , , , , , , , , , , , , , , , , , , , , , , , , , , , , , , , , , , , , , , , , , , , , , , , , , , , , , , , ,8,335
2026242N10255,2026,62,EP,MM,MARIE,2026-09-01 00:00:00,DS,13.4,-107.8, , , ,PROVISIONAL,715,697,O______________,nhc_working_bt,EP132026,13.4,-107.8, ,DB,30,1006,-3, , , , , , , , , , , , ,1010,150,60, , , , , , , , , , , , , , , , , , , , , , , , , , , , , , , , , , , , , , , , , , , , , , , , , , , , , , , , , , , , , , , , , , , , , , , , , , , , , , , , , , , , , , , , , , , , , , , , , , , , , , , , , , , , , , , , , , , , , , , , , ,40, , , , , , , , , ,8,335
2026242N10255,2026,62,EP,MM,MARIE,2026-09-01 03:00:00,DS,13.7,-107.9, , , ,PROVISIONAL,697,693,P______________, ,EP132026,13.7,-107.9, ,DB,35,1004,-3,60,80,90, , , , , , , , , ,1011,185,65, , , , , , , , , , , , , , , , , , , , , , , , , , , , , , , , , , , , , , , , , , , , , , , , , , , , , , , , , , , , , , , , , , , , , , , , , , , , , , , , , , , , , , , , , , , , , , , , , , , , , , , , , , , , , , , , , , , , , , , , , , , , , , , , , , , ,7,320
2026242N10255,2026,62,EP,MM,MARIE,2026-09-01 06:00:00,TS,13.9,-108.3, , , ,PROVISIONAL,700,662,O______________,nhc_working_bt,EP132026,14.1,-108.1, ,TS,40,1002,0,120,160,180,0, , , , , , , , ,1011,220,70, , , , , , , , , , , , , , , , , , , , , , , , , , , , , , , , , , , , , , , , , , , , , , , , , , , , , , , , , , , , , , , , , , , , , , , , , , , , , , , , , , , , , , , , , , , , , , , , , , , , , , , , , , , , , , , , , , , , , , , , , ,50, , , , , , , , , ,7,325
2026242N10255,2026,62,EP,MM,MARIE,2026-09-01 09:00:00,TS,14.3,-108.3, , , ,PROVISIONAL,662,632,P______________, ,EP132026,14.5,-108.3, ,TS,40,1002,0,120,160,180,0, , , , , , , , ,1011,220,70, , , , , , , , , , , , , , , , , , , , , , , , , , , , , , , , , , , , , , , , , , , , , , , , , , , , , , , , , , , , , , , , , , , , , , , , , , , , , , , , , , , , , , , , , , , , , , , , , , , , , , , , , , , , , , , , , , , , , , , , , , , , , , , , , , , ,9,350
2026242N10255,2026,62,EP,MM,MARIE,2026-09-01 12:00:00,TS,14.7,-108.4, , , ,PROVISIONAL,632,619,O______________,nhc_working_bt,EP132026,14.8,-108.5, ,TS,40,1002,0,120,160,180,0, , , , , , , , ,1011,220,70, , , , , , , , , , , , , , , , , , , , , , , , , , , , , , , , , , , , , , , , , , , , , , , , , , , , , , , , , , , , , , , , , , , , , , , , , , , , , , , , , , , , , , , , , , , , , , , , , , , , , , , , , , , , , , , , , , , , , , , , , ,50, , , , , , , , , ,9,330
2026242N10255,2026,62,EP,MM,MARIE,2026-09-01 15:00:00,TS,15.1,-108.8, , , ,PROVISIONAL,625,624,P______________, ,EP132026,15.1,-108.8, ,TS,45,1000,0,130,165,165,35, , , , , , , , ,1011,220,70, , , , , , , , , , , , , , , , , , , , , , , , , , , , , , , , , , , , , , , , , , , , , , , , , , , , , , , , , , , , , , , , , , , , , , , , , , , , , , , , , , , , , , , , , , , , , , , , , , , , , , , , , , , , , , , , , , , , , , , , , , , , , , , , , , , ,10,305
2026242N10255,2026,62,EP,MM,MARIE,2026-09-01 18:00:00,TS,15.3,-109.3, , , ,PROVISIONAL,646,639,O______________,nhc_working_bt,EP132026,15.4,-109.2, ,TS,50,997,0,140,170,150,70,50,70,0,0, , , , ,1011,220,70, , , , , , , , , , , , , , , , , , , , , , , , , , , , , , , , , , , , , , , , , , , , , , , , , , , , , , , , , , , , , , , , , , , , , , , , , , , , , , , , , , , , , , , , , , , , , , , , , , , , , , , , , , , , , , , , , , , , , , , , , ,60, , , , ,12,150,120,30,30,10,300
2026242N10255,2026,62,EP,MM,MARIE,2026-09-01 21:00:00,TS,15.6,-109.6, , , ,PROVISIONAL,646,646,P______________, ,EP132026,15.7,-109.6, ,TS,53,996,0,140,165,150,70,50,65,0,15, , , , ,1011,220,65, , , , , , , , , , , , , , , , , , , , , , , , , , , , , , , , , , , , , , , , , , , , , , , , , , , , , , , , , , , , , , , , , , , , , , , , , , , , , , , , , , , , , , , , , , , , , , , , , , , , , , , , , , , , , , , , , , , , , , , , , , , , , , ,12,165,135,45,60,8,305
2026242N10255,2026,62,EP,MM,MARIE,2026-09-02 00:00:00,TS,15.8,-110.0, , , ,PROVISIONAL,661,654,O______________,nhc_working_bt,EP132026,15.9,-109.9, ,TS,55,994,0,140,160,150,70,50,60,0,30, , , , ,1011,220,60, , , , , , , , , , , , , , , , , , , , , , , , , , , , , , , , , , , , , , , , , , , , , , , , , , , , , , , , , , , , , , , , , , , , , , , , , , , , , , , , , , , , , , , , , , , , , , , , , , , , , , , , , , , , , , , , , , , , , , , , , ,65, , , , ,12,180,150,60,90,8,310
2026242N10255,2026,62,EP,MM,MARIE,2026-09-02 03:00:00,TS,16.1,-110.3, , , ,PROVISIONAL,664,658,P______________, ,EP132026,16.2,-110.3, ,TS,55,994,0,140,160,90,70,45,60,0,30, , , , ,1011,220,45, , , , , , , , , , , , , , , , , , , , , , , , , , , , , , , , , , , , , , , , , , , , , , , , , , , , , , , , , , , , , , , , , , , , , , , , , , , , , , , , , , , , , , , , , , , , , , , , , , , , , , , , , , , , , , , , , , , , , , , , , , , , , , ,12,195,165,75,105,8,315
2026242N10255,2026,62,EP,MM,MARIE,2026-09-02 06:00:00,TS,16.4,-110.6, , , ,PROVISIONAL,671,671,O______________,nhc_working_bt,EP132026,16.4,-110.6, ,TS,55,994,0,140,160,30,70,40,60,0,30, , , , ,1011,220,30, , , , , , , , , , , , , , , , , , , , , , , , , , , , , , , , , , , , , , , , , , , , , , , , , , , , , , , , , , , , , , , , , , , , , , , , , , , , , , , , , , , , , , , , , , , , , , , , , , , , , , , , , , , , , , , , , , , , , , , , , ,65, , , , ,12,210,180,90,120,8,305
2026242N10255,2026,62,EP,MM,MARIE,2026-09-02 09:00:00,TS,16.6,-110.9, , , ,PROVISIONAL,685,685,P______________, ,EP132026,16.6,-111.0, ,TS,58,993,0,140,160,30,70,40,60,0,30, , , , ,1011,220,40, , , , , , , , , , , , , , , , , , , , , , , , , , , , , , , , , , , , , , , , , , , , , , , , , , , , , , , , , , , , , , , , , , , , , , , , , , , , , , , , , , , , , , , , , , , , , , , , , , , , , , , , , , , , , , , , , , , , , , , , , , , , , , ,12,225,195,105,150,8,300
2026242N10255,2026,62,EP,MM,MARIE,2026-09-02 12:00:00,TS,16.8,-111.3, , , ,PROVISIONAL,695,659,O______________,nhc_working_bt,EP132026,16.8,-111.3, ,TS,60,992,0,140,160,30,70,40,60,0,30, , , , ,1011,220,50, , , , , , , , , , , , , , , , , , , , , , , , , , , , , , , , , , , , , , , , , , , , , , , , , , , , , , , , , , , , , , , , , , , , , , , , , , , , , , , , , , , , , , , , , , , , , , , , , , , , , , , , , , , , , , , , , , , , , , , , , ,75, , , , ,12,240,210,120,180,10,315
2026242N10255,2026,62,EP,MM,MARIE,2026-09-02 15:00:00,TS,17.2,-111.6, , , ,PROVISIONAL,659,617,P______________, ,EP132026,17.2,-111.6, ,TS,60,992,0,150,160,30,80,55,60,0,30, , , , ,1011,220,50, , , , , , , , , , , , , , , , , , , , , , , , , , , , , , , , , , , , , , , , , , , , , , , , , , , , , , , , , , , , , , , , , , , , , , , , , , , , , , , , , , , , , , , , , , , , , , , , , , , , , , , , , , , , , , , , , , , , , , , , , , , , , , ,12,255,210,120,180,11,325
2026242N10255,2026,62,EP,MM,MARIE,2026-09-02 18:00:00,TS,17.7,-112.0, , , ,PROVISIONAL,617,598,O______________,nhc_working_bt,EP132026,17.7,-112.0, ,TS,60,992,0,160,160,30,90,70,60,0,30, , , , ,1011,220,50, , , , , , , , , , , , , , , , , , , , , , , , , , , , , , , , , , , , , , , , , , , , , , , , , , , , , , , , , , , , , , , , , , , , , , , , , , , , , , , , , , , , , , , , , , , , , , , , , , , , , , , , , , , , , , , , , , , , , , , , , ,75, , , , ,12,270,210,120,180,10,320
2026242N10255,2026,62,EP,MM,MARIE,2026-09-02 21:00:00,TS,18.0,-112.4, , , ,PROVISIONAL,602,591,P______________, ,EP132026,18.0,-112.4, ,TS,65,989,1,160,160,30,90,70,60,0,35, , , , ,1011,220,40, , , , , , , , , , , , , , , , , , , , , , , , , , , , , , , , , , , , , , , , , , , , , , , , , , , , , , , , , , , , , , , , , , , , , , , , , , , , , , , , , , , , , , , , , , , , , , , , , , , , , , , , , , , , , , , , , , , , , , , , , , , , , , ,12,270,210,120,180,8,305
2026242N10255,2026,62,EP,MM,MARIE,2026-09-03 00:00:00,TS,18.2,-112.7, , , ,PROVISIONAL,596, ,O______________,nhc_working_bt,EP132026,18.2,-112.7, ,HU,70,985,1,160,160,30,90,70,60,0,40,35,0,0,0,1011,220,30, , , , , , , , , , , , , , , , , , , , , , , , , , , , , , , , , , , , , , , , , , , , , , , , , , , , , , , , , , , , , , , , , , , , , , , , , , , , , , , , , , , , , , , , , , , , , , , , , , , , , , , , , , , , , , , , , , , , , , , , , ,85, , , , ,12,270,210,120,180,8,300
2026243N20110,2026,63,WP,MM,SAUDEL,2026-08-31 06:00:00,NR,19.5,110.2, , , ,PROVISIONAL,0,0,O______________,tcvitals,WP172026,19.5,110.2, , ,19,996,-1, , , , , , , , , , , , ,999,100,50, , , , , , , , , , , , , , , , , , , , , , , , , , , , , , , , , , , , , , , , , , , , , , , , , , , , , , , , , , , , , , , , , , , , , , , , , , , , , , , , , , , , , , , , , , , , , , , , , , , , , , , , , , , , , , , , , , , , , , , , , , , , , , , , , , , ,11,100
2026243N20110,2026,63,WP,MM,SAUDEL,2026-08-31 09:00:00,NR,19.4,110.8, , , ,PROVISIONAL,10,10,P______________, ,WP172026,19.4,110.8, , ,22,996,-1, , , , , , , , , , , , ,999,95,50, , , , , , , , , , , , , , , , , , , , , , , , , , , , , , , , , , , , , , , , , , , , , , , , , , , , , , , , , , , , , , , , , , , , , , , , , , , , , , , , , , , , , , , , , , , , , , , , , , , , , , , , , , , , , , , , , , , , , , , , , , , , , , , , , , , ,11,100
2026243N20110,2026,63,WP,MM,SAUDEL,2026-08-31 12:00:00,NR,19.3,111.3, , , ,PROVISIONAL,45,45,O______________,tcvitals,WP172026,19.3,111.3, , ,25,996,-1, , , , , , , , , , , , ,998,90,50, , , , , , , , , , , , , , , , , , , , , , , , , , , , , , , , , , , , , , , , , , , , , , , , , , , , , , , , , , , , , , , , , , , , , , , , , , , , , , , , , , , , , , , , , , , , , , , , , , , , , , , , , , , , , , , , , , , , , , , , , , , , , , , , , , , ,9,100
2026243N20110,2026,63,WP,MM,SAUDEL,2026-08-31 15:00:00,NR,19.2,111.7, , , ,PROVISIONAL,85,85,P______________, ,WP172026,19.2,111.7, , ,25,995,-1, , , , , , , , , , , , ,998,80,50, , , , , , , , , , , , , , , , , , , , , , , , , , , , , , , , , , , , , , , , , , , , , , , , , , , , , , , , , , , , , , , , , , , , , , , , , , , , , , , , , , , , , , , , , , , , , , , , , , , , , , , , , , , , , , , , , , , , , , , , , , , , , , , , , , , ,7,100
2026243N20110,2026,63,WP,MM,SAUDEL,2026-08-31 18:00:00,NR,19.2,112.0, , , ,PROVISIONAL,114,114,O______________,tcvitals,WP172026,19.2,112.0, , ,25,994,-1, , , , , , , , , , , , ,997,70,50, , , , , , , , , , , , , , , , , , , , , , , , , , , , , , , , , , , , , , , , , , , , , , , , , , , , , , , , , , , , , , , , , , , , , , , , , , , , , , , , , , , , , , , , , , , , , , , , , , , , , , , , , , , , , , , , , , , , , , , , , , , , , , , , , , , ,7,80
2026243N20110,2026,63,WP,MM,SAUDEL,2026-08-31 21:00:00,NR,19.3,112.4, , , ,PROVISIONAL,150,150,P______________, ,WP172026,19.3,112.4, , ,25,994,-1, , , , , , , , , , , , ,998,90,50, , , , , , , , , , , , , , , , , , , , , , , , , , , , , , , , , , , , , , , , , , , , , , , , , , , , , , , , , , , , , , , , , , , , , , , , , , , , , , , , , , , , , , , , , , , , , , , , , , , , , , , , , , , , , , , , , , , , , , , , , , , , , , , , , , , ,9,70
2026243N20110,2026,63,WP,MM,SAUDEL,2026-09-01 00:00:00,NR,19.5,112.9, , , ,PROVISIONAL,199,199,O______________,tcvitals,WP172026,19.5,112.9, , ,25,994,-1, , , , , , , , , , , , ,999,110,50, , , , , , , , , , , , , , , , , , , , , , , , , , , , , , , , , , , , , , , , , , , , , , , , , , , , , , , , , , , , , , , , , , , , , , , , , , , , , , , , , , , , , , , , , , , , , , , , , , , , , , , , , , , , , , , , , , , , , , , , , , , , , , , , , , , ,12,70
2026243N20110,2026,63,WP,MM,SAUDEL,2026-09-01 03:00:00,NR,19.7,113.6, , , ,PROVISIONAL,253,245,P______________, ,WP172026,19.7,113.6, , ,30,994,-1, , , , , , , , , , , , ,1000,155,55, , , , , , , , , , , , , , , , , , , , , , , , , , , , , , , , , , , , , , , , , , , , , , , , , , , , , , , , , , , , , , , , , , , , , , , , , , , , , , , , , , , , , , , , , , , , , , , , , , , , , , , , , , , , , , , , , , , , , , , , , , , , , , , , , , , ,15,70
2026243N20110,2026,63,WP,MM,SAUDEL,2026-09-01 06:00:00,NR,20.0,114.4, , , ,PROVISIONAL,257,228,O______________,tcvitals,WP172026,20.0,114.4, , ,35,993,0, , , , , , , , , , , , ,1000,200,60, , , , , , , , , , , , , , , , , , , , , , , , , , , , , , , , , , , , , , , , , , , , , , , , , , , , , , , , , , , , , , , , , , , , , , , , , , , , , , , , , , , , , , , , , , , , , , , , , , , , , , , , , , , , , , , , , , , , , , , , , , , , , , , , , , , ,16,65
2026243N20110,2026,63,WP,MM,SAUDEL,2026-09-01 09:00:00,NR,20.4,115.1, , , ,PROVISIONAL,228,203,P______________, ,WP172026,20.4,115.1, , ,35,993,0, , , , , , , , , , , , ,1001,205,60, , , , , , , , , , , , , , , , , , , , , , , , , , , , , , , , , , , , , , , , , , , , , , , , , , , , , , , , , , , , , , , , , , , , , , , , , , , , , , , , , , , , , , , , , , , , , , , , , , , , , , , , , , , , , , , , , , , , , , , , , , , , , , , , , , , ,15,55
2026243N20110,2026,63,WP,MM,SAUDEL,2026-09-01 12:00:00,NR,20.8,115.7, , , ,PROVISIONAL,207,180,O______________,tcvitals,WP172026,20.8,115.7, , ,35,993,0, , , , , , , , , , , , ,1001,210,60, , , , , , , , , , , , , , , , , , , , , , , , , , , , , , , , , , , , , , , , , , , , , , , , , , , , , , , , , , , , , , , , , , , , , , , , , , , , , , , , , , , , , , , , , , , , , , , , , , , , , , , , , , , , , , , , , , , , , , , , , , , , , , , , , , , ,11,50
2026243N20110,2026,63,WP,MM,SAUDEL,2026-09-01 15:00:00,NR,21.1,116.1, , , ,PROVISIONAL,181,154,P______________, ,WP172026,21.1,116.1, , ,32,994,-1, , , , , , , , , , , , ,1001,210,60, , , , , , , , , , , , , , , , , , , , , , , , , , , , , , , , , , , , , , , , , , , , , , , , , , , , , , , , , , , , , , , , , , , , , , , , , , , , , , , , , , , , , , , , , , , , , , , , , , , , , , , , , , , , , , , , , , , , , , , , , , , , , , , , , , , ,8,45
2026243N20110,2026,63,WP,MM,SAUDEL,2026-09-01 18:00:00,NR,21.4,116.3, , , ,PROVISIONAL,154,119,O______________,tcvitals,WP172026,21.4,116.3, , ,29,994,-1, , , , , , , , , , , , ,1001,210,60, , , , , , , , , , , , , , , , , , , , , , , , , , , , , , , , , , , , , , , , , , , , , , , , , , , , , , , , , , , , , , , , , , , , , , , , , , , , , , , , , , , , , , , , , , , , , , , , , , , , , , , , , , , , , , , , , , , , , , , , , , , , , , , , , , , ,8,30
2026243N20110,2026,63,WP,MM,SAUDEL,2026-09-01 21:00:00,NR,21.8,116.5, , , ,PROVISIONAL,119,91,P______________, ,WP172026,21.8,116.5, , ,29,994,-1, , , , , , , , , , , , ,1001,215,60, , , , , , , , , , , , , , , , , , , , , , , , , , , , , , , , , , , , , , , , , , , , , , , , , , , , , , , , , , , , , , , , , , , , , , , , , , , , , , , , , , , , , , , , , , , , , , , , , , , , , , , , , , , , , , , , , , , , , , , , , , , , , , , , , , , ,8,30
2026243N20110,2026,63,WP,MM,SAUDEL,2026-09-02 00:00:00,NR,22.1,116.7, , , ,PROVISIONAL,91,84,O______________,tcvitals,WP172026,22.1,116.7, , ,29,994,-1, , , , , , , , , , , , ,1001,220,60, , , , , , , , , , , , , , , , , , , , , , , , , , , , , , , , , , , , , , , , , , , , , , , , , , , , , , , , , , , , , , , , , , , , , , , , , , , , , , , , , , , , , , , , , , , , , , , , , , , , , , , , , , , , , , , , , , , , , , , , , , , , , , , , , , , ,7,50
2026243N20110,2026,63,WP,MM,SAUDEL,2026-09-02 03:00:00,NR,22.2,117.0, , , ,PROVISIONAL,93,93,P______________, ,WP172026,22.2,117.0, , ,29,994,-1, , , , , , , , , , , , ,1000,200,55, , , , , , , , , , , , , , , , , , , , , , , , , , , , , , , , , , , , , , , , , , , , , , , , , , , , , , , , , , , , , , , , , , , , , , , , , , , , , , , , , , , , , , , , , , , , , , , , , , , , , , , , , , , , , , , , , , , , , , , , , , , , , , , , , , , ,7,75
2026243N20110,2026,63,WP,MM,SAUDEL,2026-09-02 06:00:00,NR,22.3,117.4, , , ,PROVISIONAL,114,114,O______________,tcvitals,WP172026,22.3,117.4, , ,29,994,-1, , , , , , , , , , , , ,999,180,50, , , , , , , , , , , , , , , , , , , , , , , , , , , , , , , , , , , , , , , , , , , , , , , , , , , , , , , , , , , , , , , , , , , , , , , , , , , , , , , , , , , , , , , , , , , , , , , , , , , , , , , , , , , , , , , , , , , , , , , , , , , , , , , , , , , ,7,55
2026243N20110,2026,63,WP,MM,SAUDEL,2026-09-02 09:00:00,NR,22.6,117.7, , , ,PROVISIONAL,117,94,P______________, ,WP172026,22.6,117.7, , ,29,994,-1, , , , , , , , , , , , ,999,175,50, , , , , , , , , , , , , , , , , , , , , , , , , , , , , , , , , , , , , , , , , , , , , , , , , , , , , , , , , , , , , , , , , , , , , , , , , , , , , , , , , , , , , , , , , , , , , , , , , , , , , , , , , , , , , , , , , , , , , , , , , , , , , , , , , , , ,8,40
2026243N20110,2026,63,WP,MM,SAUDEL,2026-09-02 12:00:00,NR,22.9,117.9, , , ,PROVISIONAL,94,82,O______________,tcvitals,WP172026,22.9,117.9, , ,29,993,-1, , , , , , , , , , , , ,999,170,50, , , , , , , , , , , , , , , , , , , , , , , , , , , , , , , , , , , , , , , , , , , , , , , , , , , , , , , , , , , , , , , , , , , , , , , , , , , , , , , , , , , , , , , , , , , , , , , , , , , , , , , , , , , , , , , , , , , , , , , , , , , , , , , , , , , ,8,45
2026243N20110,2026,63,WP,MM,SAUDEL,2026-09-02 15:00:00,NR,23.2,118.3, , , ,PROVISIONAL,90,82,P______________, ,WP172026,23.2,118.3, , ,32,993,-1, , , , , , , , , , , , ,1000,200,50, , , , , , , , , , , , , , , , , , , , , , , , , , , , , , , , , , , , , , , , , , , , , , , , , , , , , , , , , , , , , , , , , , , , , , , , , , , , , , , , , , , , , , , , , , , , , , , , , , , , , , , , , , , , , , , , , , , , , , , , , , , , , , , , , , , ,7,45
2026243N20110,2026,63,WP,MM,SAUDEL,2026-09-02 18:00:00,NR,23.4,118.4, , , ,PROVISIONAL,82,45,O______________,tcvitals,WP172026,23.4,118.4, , ,35,992,0, , , , , , , , , , , , ,1000,230,50, , , , , , , , , , , , , , , , , , , , , , , , , , , , , , , , , , , , , , , , , , , , , , , , , , , , , , , , , , , , , , , , , , , , , , , , , , , , , , , , , , , , , , , , , , , , , , , , , , , , , , , , , , , , , , , , , , , , , , , , , , , , , , , , , , , ,5,335
2026243N20110,2026,63,WP,MM,SAUDEL,2026-09-02 21:00:00,NR,23.6,118.1, , , ,PROVISIONAL,45,0,P______________, ,WP172026,23.6,118.1, , ,37,991,0, , , , , , , , , , , , ,1000,230,40, , , , , , , , , , , , , , , , , , , , , , , , , , , , , , , , , , , , , , , , , , , , , , , , , , , , , , , , , , , , , , , , , , , , , , , , , , , , , , , , , , , , , , , , , , , , , , , , , , , , , , , , , , , , , , , , , , , , , , , , , , , , , , , , , , , ,10,295
2026243N20110,2026,63,WP,MM,SAUDEL,2026-09-03 00:00:00,NR,23.8,117.4, , , ,PROVISIONAL,0, ,O______________,tcvitals,WP172026,23.8,117.4, , ,39,989,0, , , , , , , , , , , , ,1000,230,30, , , , , , , , , , , , , , , , , , , , , , , , , , , , , , , , , , , , , , , , , , , , , , , , , , , , , , , , , , , , , , , , , , , , , , , , , , , , , , , , , , , , , , , , , , , , , , , , , , , , , , , , , , , , , , , , , , , , , , , , , , , , , , , , , , , ,13,290
2026244N23132,2026,64,WP,MM,KROVANH,2026-09-01 06:00:00,NR,22.5,131.5, , , ,PROVISIONAL,952,952,O______________,tcvitals,WP222026,22.5,131.5, , ,35,995,0, , , , , , , , , , , , ,1002,180,60, , , , , , , , , , , , , , , , , , , , , , , , , , , , , , , , , , , , , , , , , , , , , , , , , , , , , , , , , , , , , , , , , , , , , , , , , , , , , , , , , , , , , , , , , , , , , , , , , , , , , , , , , , , , , , , , , , , , , , , , , , , , , , , , , , , ,13,115
2026244N23132,2026,64,WP,MM,KROVANH,2026-09-01 09:00:00,NR,22.2,132.1, , , ,PROVISIONAL,992,992,P______________, ,WP222026,22.2,132.1, , ,35,994,0, , , , , , , , , , , , ,1003,170,60, , , , , , , , , , , , , , , , , , , , , , , , , , , , , , , , , , , , , , , , , , , , , , , , , , , , , , , , , , , , , , , , , , , , , , , , , , , , , , , , , , , , , , , , , , , , , , , , , , , , , , , , , , , , , , , , , , , , , , , , , , , , , , , , , , , ,12,115
2026244N23132,2026,64,WP,MM,KROVANH,2026-09-01 12:00:00,NR,22.0,132.7, , , ,PROVISIONAL,1024,1024,O______________,tcvitals,WP222026,22.0,132.7, , ,35,993,0, , , , , , , , , , , , ,1003,160,60, , , , , , , , , , , , , , , , , , , , , , , , , , , , , , , , , , , , , , , , , , , , , , , , , , , , , , , , , , , , , , , , , , , , , , , , , , , , , , , , , , , , , , , , , , , , , , , , , , , , , , , , , , , , , , , , , , , , , , , , , , , , , , , , , , , ,10,105
2026244N23132,2026,64,WP,MM,KROVANH,2026-09-01 15:00:00,NR,21.9,133.2, , , ,PROVISIONAL,1046,1040,P______________, ,WP222026,21.9,133.2, , ,35,994,0, , , , , , , , , , , , ,1003,175,60, , , , , , , , , , , , , , , , , , , , , , , , , , , , , , , , , , , , , , , , , , , , , , , , , , , , , , , , , , , , , , , , , , , , , , , , , , , , , , , , , , , , , , , , , , , , , , , , , , , , , , , , , , , , , , , , , , , , , , , , , , , , , , , , , , , ,6,90
2026244N23132,2026,64,WP,MM,KROVANH,2026-09-01 18:00:00,NR,22.0,133.4, , , ,PROVISIONAL,1040,1016,O______________,tcvitals,WP222026,22.0,133.4, , ,35,994,0, , , , , , , , , , , , ,1003,190,60, , , , , , , , , , , , , , , , , , , , , , , , , , , , , , , , , , , , , , , , , , , , , , , , , , , , , , , , , , , , , , , , , , , , , , , , , , , , , , , , , , , , , , , , , , , , , , , , , , , , , , , , , , , , , , , , , , , , , , , , , , , , , , , , , , , ,4,10
2026244N23132,2026,64,WP,MM,KROVANH,2026-09-01 21:00:00,NR,22.3,133.2, , , ,PROVISIONAL,1002,963,P______________, ,WP222026,22.3,133.2, , ,32,994,-1, , , , , , , , , , , , ,1004,205,60, , , , , , , , , , , , , , , , , , , , , , , , , , , , , , , , , , , , , , , , , , , , , , , , , , , , , , , , , , , , , , , , , , , , , , , , , , , , , , , , , , , , , , , , , , , , , , , , , , , , , , , , , , , , , , , , , , , , , , , , , , , , , , , , , , , ,8,320
2026244N23132,2026,64,WP,MM,KROVANH,2026-09-02 00:00:00,NR,22.6,132.9, , , ,PROVISIONAL,963,936,O______________,tcvitals,WP222026,22.6,132.9, , ,29,994,-1, , , , , , , , , , , , ,1004,220,60, , , , , , , , , , , , , , , , , , , , , , , , , , , , , , , , , , , , , , , , , , , , , , , , , , , , , , , , , , , , , , , , , , , , , , , , , , , , , , , , , , , , , , , , , , , , , , , , , , , , , , , , , , , , , , , , , , , , , , , , , , , , , , , , , , , ,8,315
2026244N23132,2026,64,WP,MM,KROVANH,2026-09-02 03:00:00,NR,22.8,132.7, , , ,PROVISIONAL,936,898,P______________, ,WP222026,22.8,132.7, , ,32,994,-1, , , , , , , , , , , , ,1003,215,60, , , , , , , , , , , , , , , , , , , , , , , , , , , , , , , , , , , , , , , , , , , , , , , , , , , , , , , , , , , , , , , , , , , , , , , , , , , , , , , , , , , , , , , , , , , , , , , , , , , , , , , , , , , , , , , , , , , , , , , , , , , , , , , , , , , ,7,315
2026244N23132,2026,64,WP,MM,KROVANH,2026-09-02 06:00:00,NR,23.1,132.4, , , ,PROVISIONAL,898,859,O______________,tcvitals,WP222026,23.1,132.4, , ,35,994,0,120,90,80,100, , , , , , , , ,1002,210,60, , , , , , , , , , , , , , , , , , , , , , , , , , , , , , , , , , , , , , , , , , , , , , , , , , , , , , , , , , , , , , , , , , , , , , , , , , , , , , , , , , , , , , , , , , , , , , , , , , , , , , , , , , , , , , , , , , , , , , , , , , , , , , , , , , , ,8,320
2026244N23132,2026,64,WP,MM,KROVANH,2026-09-02 09:00:00,NR,23.5,132.1, , , ,PROVISIONAL,848,798,P______________, ,WP222026,23.5,132.1, , ,35,994,0, , , , , , , , , , , , ,1003,210,60, , , , , , , , , , , , , , , , , , , , , , , , , , , , , , , , , , , , , , , , , , , , , , , , , , , , , , , , , , , , , , , , , , , , , , , , , , , , , , , , , , , , , , , , , , , , , , , , , , , , , , , , , , , , , , , , , , , , , , , , , , , , , , , , , , , ,10,320
2026244N23132,2026,64,WP,MM,KROVANH,2026-09-02 12:00:00,NR,23.9,131.7, , , ,PROVISIONAL,798,750,O______________,tcvitals,WP222026,23.9,131.7, , ,35,993,0, , , , , , , , , , , , ,1003,210,60, , , , , , , , , , , , , , , , , , , , , , , , , , , , , , , , , , , , , , , , , , , , , , , , , , , , , , , , , , , , , , , , , , , , , , , , , , , , , , , , , , , , , , , , , , , , , , , , , , , , , , , , , , , , , , , , , , , , , , , , , , , , , , , , , , , ,11,320
2026244N23132,2026,64,WP,MM,KROVANH,2026-09-02 15:00:00,NR,24.3,131.3, , , ,PROVISIONAL,750,692,P______________, ,WP222026,24.3,131.3, , ,37,991,0, , , , , , , , , , , , ,1002,190,60, , , , , , , , , , , , , , , , , , , , , , , , , , , , , , , , , , , , , , , , , , , , , , , , , , , , , , , , , , , , , , , , , , , , , , , , , , , , , , , , , , , , , , , , , , , , , , , , , , , , , , , , , , , , , , , , , , , , , , , , , , , , , , , , , , , ,12,320
2026244N23132,2026,64,WP,MM,KROVANH,2026-09-02 18:00:00,NR,24.8,130.9, , , ,PROVISIONAL,692,625,O______________,tcvitals,WP222026,24.8,130.9, , ,39,988,0, , , , , , , , , , , , ,1000,170,60, , , , , , , , , , , , , , , , , , , , , , , , , , , , , , , , , , , , , , , , , , , , , , , , , , , , , , , , , , , , , , , , , , , , , , , , , , , , , , , , , , , , , , , , , , , , , , , , , , , , , , , , , , , , , , , , , , , , , , , , , , , , , , , , , , , ,13,330
2026244N23132,2026,64,WP,MM,KROVANH,2026-09-02 21:00:00,NR,25.4,130.5, , , ,PROVISIONAL,625,549,P______________, ,WP222026,25.4,130.5, , ,39,989,0, , , , , , , , , , , , ,1000,170,60, , , , , , , , , , , , , , , , , , , , , , , , , , , , , , , , , , , , , , , , , , , , , , , , , , , , , , , , , , , , , , , , , , , , , , , , , , , , , , , , , , , , , , , , , , , , , , , , , , , , , , , , , , , , , , , , , , , , , , , , , , , , , , , , , , , ,15,335
2026244N23132,2026,64,WP,MM,KROVANH,2026-09-03 00:00:00,NR,26.1,130.2, , , ,PROVISIONAL,549, ,O______________,tcvitals,WP222026,26.1,130.2, , ,39,989,0, , , , , , , , , , , , ,1000,170,60, , , , , , , , , , , , , , , , , , , , , , , , , , , , , , , , , , , , , , , , , , , , , , , , , , , , , , , , , , , , , , , , , , , , , , , , , , , , , , , , , , , , , , , , , , , , , , , , , , , , , , , , , , , , , , , , , , , , , , , , , , , , , , , , , , , ,15,335
